reference,file,page,kind,text_chars,n_drawings,image_cover,width_mm,height_mm,error
26_0014_FUL,01_location_plan.pdf,1,born-digital,205,2,0.236,297,210,
26_0014_FUL,02_location_plan.pdf,1,born-digital,1101,1766,0.0,420,297,
26_0014_FUL,03_drawing_other.pdf,1,born-digital,493,4404,0.0,420,297,
26_0014_FUL,04_floor_plan.pdf,1,born-digital,558,2953,0.0,420,297,
26_0014_FUL,05_proposed_floor_plan.pdf,1,born-digital,731,2019,0.0,420,297,
26_0014_FUL,06_existing_elevation.pdf,1,born-digital,428,1517,0.0,420,297,
26_0014_FUL,07_proposed_elevation.pdf,1,born-digital,862,4778,0.0,420,297,
26_0014_FUL,08_drawing_other.pdf,1,born-digital,710,6705,0.112,420,297,
26_0025_FUL,01_proposed_floor_plan.pdf,1,born-digital,2094,461,0.0,420,297,
26_0025_FUL,02_floor_plan.pdf,1,born-digital,1618,26563,0.0,420,297,
26_0025_FUL,03_proposed_elevation.pdf,1,born-digital,752,248,0.0,420,297,
26_0025_FUL,04_proposed_elevation.pdf,1,born-digital,1337,358,0.0,420,297,
26_0025_FUL,05_floor_plan.pdf,1,born-digital,1608,435,0.0,420,297,
26_0025_FUL,06_proposed_roof_plan.pdf,1,born-digital,435,249,0.0,420,297,
26_0025_FUL,07_section.pdf,1,born-digital,1099,546,0.0,420,297,
26_0025_FUL,08_proposed_elevation.pdf,1,born-digital,424,86,0.0,420,297,
26_0025_FUL,09_location_plan.pdf,1,born-digital,235,2,0.236,297,210,
26_0025_FUL,10_existing_site_plan.pdf,1,born-digital,239,112,0.0,420,297,
26_0025_FUL,11_existing_block_plan.pdf,1,born-digital,2109,302,0.0,420,297,
26_0025_FUL,12_existing_floor_plan.pdf,1,born-digital,623,217,0.0,420,297,
26_0025_FUL,13_existing_elevation.pdf,1,born-digital,319,247,0.0,420,297,
26_0028_FUL,01_location_plan.pdf,1,born-digital,425,1900,0.123,420,297,
26_0028_FUL,02_proposed_elevation.pdf,1,born-digital,147,14582,0.008,420,297,
26_0028_FUL,03_proposed_elevation.pdf,1,born-digital,147,12709,0.008,420,297,
26_0028_FUL,04_proposed_floor_plan.pdf,1,born-digital,119,2349,0.024,420,297,
26_0028_FUL,05_existing_elevation.pdf,1,born-digital,147,12718,0.008,420,297,
26_0028_FUL,06_existing_elevation.pdf,1,born-digital,147,16614,0.008,420,297,
26_0028_FUL,07_existing_floor_plan.pdf,1,born-digital,119,1563,0.024,420,297,
26_0028_FUL,08_existing_floor_plan.pdf,1,born-digital,118,1573,0.025,420,297,
26_0028_FUL,09_proposed_floor_plan.pdf,1,born-digital,118,2390,0.025,420,297,
26_0041_FUL,01_location_plan.pdf,1,born-digital,1358,613,0.0,420,297,
26_0041_FUL,02_existing_drawing_other.pdf,1,born-digital,462,541,0.0,420,297,
26_0041_FUL,03_existing_drawing_other.pdf,1,born-digital,794,24294,0.0,420,297,
26_0041_FUL,04_existing_drawing_other.pdf,1,born-digital,580,384,0.0,420,297,
26_0041_FUL,05_existing_drawing_other.pdf,1,born-digital,537,264,0.0,420,297,
26_0041_FUL,06_existing_drawing_other.pdf,1,born-digital,445,196,0.0,420,297,
26_0041_FUL,07_existing_drawing_other.pdf,1,born-digital,695,525,0.0,420,297,
26_0041_FUL,08_proposed_drawing_other.pdf,1,born-digital,2215,14058,0.0,420,297,
26_0041_FUL,09_proposed_drawing_other.pdf,1,born-digital,1768,4848,0.0,420,297,
26_0041_FUL,10_location_plan.pdf,1,born-digital,1421,624,0.0,420,297,
26_0041_FUL,11_existing_drawing_other.pdf,1,born-digital,505,649,0.0,420,297,
26_0041_FUL,12_proposed_drawing_other.pdf,1,born-digital,549,4575,0.0,420,297,
26_0041_FUL,13_proposed_drawing_other.pdf,1,born-digital,1262,4392,0.0,420,297,
26_0041_FUL,14_proposed_drawing_other.pdf,1,born-digital,646,4259,0.0,420,297,
26_0041_FUL,15_proposed_drawing_other.pdf,1,born-digital,521,4200,0.0,420,297,
26_0041_FUL,16_proposed_drawing_other.pdf,1,born-digital,1749,19814,0.0,420,297,
26_0059_FUL,01_location_plan.pdf,1,scanned,0,0,1.0,210,297,
26_0059_FUL,02_floor_plan.pdf,1,scanned,0,0,1.0,420,297,
26_0059_FUL,03_proposed_floor_plan.pdf,1,scanned,0,0,1.0,295,418,
26_0071_FUL,01_existing_elevation.pdf,1,born-digital,391,446,0.0,420,297,
26_0071_FUL,02_existing_section.pdf,1,born-digital,526,470,0.0,420,297,
26_0071_FUL,03_proposed_site_plan.pdf,1,born-digital,334,171,0.0,420,297,
26_0071_FUL,04_proposed_floor_plan.pdf,1,born-digital,986,6628,0.0,420,297,
26_0071_FUL,05_proposed_roof_plan.pdf,1,born-digital,409,6468,0.0,420,297,
26_0071_FUL,06_proposed_elevation.pdf,1,born-digital,1166,38196,0.0,420,297,
26_0071_FUL,07_existing_site_plan.pdf,1,born-digital,324,149,0.0,420,297,
26_0071_FUL,08_existing_floor_plan.pdf,1,born-digital,534,695,0.0,420,297,
26_0071_FUL,09_existing_roof_plan.pdf,1,born-digital,400,687,0.0,420,297,
26_0071_FUL,10_existing_elevation.pdf,1,born-digital,415,1055,0.0,420,297,
26_0071_FUL,11_proposed_elevation.pdf,1,born-digital,1006,6170,0.0,420,297,
26_0071_FUL,12_proposed_section.pdf,1,born-digital,1001,493,0.0,420,297,
26_0071_FUL,13_existing_floor_plan.pdf,1,born-digital,649,38450,0.0,420,297,
26_0071_FUL,14_location_plan.pdf,1,born-digital,1128,4685,0.0,420,297,
26_0071_FUL,15_proposed_floor_plan.pdf,1,born-digital,1186,10313,0.0,420,297,
26_0071_FUL,16_proposed_drawing_other.pdf,1,born-digital,1164,4681,0.0,420,297,
26_0173_FUL,01_proposed_elevation.pdf,1,mixed,1026,37,0.509,420,297,
26_0173_FUL,02_location_plan.pdf,1,born-digital,204,2,0.236,297,210,
26_0173_FUL,03_existing_floor_plan.pdf,1,born-digital,1125,786,0.0,420,297,
26_0173_FUL,04_existing_elevation.pdf,1,born-digital,927,16,0.355,420,297,
26_0173_FUL,05_existing_elevation.pdf,1,mixed,935,34,0.509,420,297,
26_0173_FUL,06_existing_roof_plan.pdf,1,mixed,1017,29,0.525,420,297,
26_0173_FUL,07_existing_block_plan.pdf,1,mixed,1009,30,0.535,420,297,
26_0173_FUL,08_proposed_roof_plan.pdf,1,mixed,1003,29,0.53,420,297,
26_0173_FUL,09_proposed_elevation.pdf,1,born-digital,931,16,0.355,420,297,
26_0173_FUL,10_existing_elevation.pdf,1,mixed,1295,56,0.565,420,297,
26_0173_FUL,11_proposed_floor_plan.pdf,1,born-digital,1507,2622,0.0,420,297,
26_0173_FUL,12_proposed_elevation.pdf,1,mixed,1349,60,0.559,420,297,
26_0242_FUL,01_existing_proposed_combined.pdf,1,born-digital,428,2948,0.017,841,594,
26_0242_FUL,02_location_plan.pdf,1,born-digital,205,2,0.236,297,210,
26_0242_FUL,03_drawing_other.pdf,1,born-digital,468,3055,0.033,841,594,
26_0268_FUL,01_existing_combined.pdf,1,born-digital,5888,2838,0.003,841,594,
26_0268_FUL,02_location_plan.pdf,1,born-digital,5919,5584,0.006,841,594,
26_0268_FUL,03_proposed_combined.pdf,1,born-digital,7731,13287,0.041,841,594,
26_0279_FUL,01_existing_elevation.pdf,1,born-digital,0,2937,0.0,594,841,
26_0279_FUL,02_existing_floor_plan.pdf,1,born-digital,0,3139,0.0,594,841,
26_0279_FUL,03_existing_block_plan.pdf,1,born-digital,0,5274,0.0,594,841,
26_0279_FUL,04_location_plan.pdf,1,born-digital,0,1614,0.0,210,297,
26_0279_FUL,05_proposed_block_plan.pdf,1,born-digital,0,5359,0.0,594,841,
26_0279_FUL,06_proposed_elevation.pdf,1,born-digital,0,3235,0.0,594,841,
26_0279_FUL,07_proposed_floor_plan.pdf,1,born-digital,0,3253,0.0,594,841,
26_0284_FUL,01_existing_block_plan.pdf,1,born-digital,0,5260,0.0,594,841,
26_0284_FUL,02_existing_elevation.pdf,1,born-digital,0,2934,0.0,594,841,
26_0284_FUL,03_existing_floor_plan.pdf,1,born-digital,0,3135,0.0,594,841,
26_0284_FUL,04_proposed_floor_plan.pdf,1,born-digital,0,3231,0.0,594,841,
26_0284_FUL,05_proposed_elevation.pdf,1,born-digital,0,3229,0.0,594,841,
26_0284_FUL,06_location_plan.pdf,1,born-digital,0,1608,0.0,210,297,
26_0284_FUL,07_proposed_floor_plan.pdf,1,born-digital,0,3255,0.0,594,841,
26_0285_FUL,01_existing_floor_plan.pdf,1,born-digital,0,1620,0.003,594,841,
26_0285_FUL,02_existing_site_plan.pdf,1,born-digital,0,12428,0.003,594,841,
26_0285_FUL,03_existing_elevation.pdf,1,born-digital,0,1068,0.003,594,841,
26_0285_FUL,04_existing_elevation.pdf,1,born-digital,274,51,0.0,210,297,
26_0285_FUL,05_existing_elevation.pdf,1,born-digital,274,51,0.0,210,297,
26_0285_FUL,06_survey.pdf,1,scanned,0,0,1.0,210,297,
26_0285_FUL,06_survey.pdf,2,born-digital,1508,1,0.0,210,297,
26_0285_FUL,06_survey.pdf,3,born-digital,2319,71,0.0,210,297,
26_0285_FUL,06_survey.pdf,4,born-digital,2406,18,0.0,210,297,
26_0285_FUL,06_survey.pdf,5,born-digital,2731,6,0.0,210,297,
26_0285_FUL,06_survey.pdf,6,born-digital,2125,15,0.0,210,297,
26_0285_FUL,06_survey.pdf,7,born-digital,2640,134,0.0,210,297,
26_0285_FUL,06_survey.pdf,8,born-digital,3870,87,0.0,297,210,
26_0285_FUL,06_survey.pdf,9,scanned,0,0,0.998,210,297,
26_0285_FUL,06_survey.pdf,10,born-digital,2233,37,0.033,210,297,
26_0285_FUL,06_survey.pdf,11,born-digital,1194,41,0.0,210,297,
26_0285_FUL,06_survey.pdf,12,born-digital,0,4300,0.182,841,594,
26_0285_FUL,07_survey.pdf,1,mixed,1225,2,1.0,297,210,
26_0285_FUL,07_survey.pdf,2,born-digital,2128,51,0.0,297,210,
26_0285_FUL,07_survey.pdf,3,born-digital,1667,58,0.155,297,210,
26_0285_FUL,07_survey.pdf,4,born-digital,1122,298,0.0,297,210,
26_0285_FUL,07_survey.pdf,5,born-digital,1314,18,0.077,297,210,
26_0285_FUL,07_survey.pdf,6,born-digital,833,29,0.18,297,210,
26_0285_FUL,07_survey.pdf,7,born-digital,1243,29,0.18,297,210,
26_0285_FUL,07_survey.pdf,8,born-digital,1342,29,0.222,297,210,
26_0285_FUL,07_survey.pdf,9,born-digital,1134,29,0.083,297,210,
26_0285_FUL,07_survey.pdf,10,born-digital,1610,36,0.0,297,210,
26_0285_FUL,07_survey.pdf,11,born-digital,2313,21,0.0,297,210,
26_0285_FUL,07_survey.pdf,12,mixed,297,0,0.591,297,210,
26_0285_FUL,07_survey.pdf,13,born-digital,307,0,0.495,297,210,
26_0285_FUL,07_survey.pdf,14,born-digital,361,1,0.0,297,210,
26_0285_FUL,07_survey.pdf,15,born-digital,1538,95,0.0,297,210,
26_0285_FUL,08_location_plan.pdf,1,born-digital,0,1041,0.003,297,420,
26_0285_FUL,09_proposed_floor_plan.pdf,1,born-digital,0,4432,0.003,594,841,
26_0285_FUL,10_proposed_floor_plan.pdf,1,born-digital,0,5356,0.003,594,841,
26_0285_FUL,11_proposed_floor_plan.pdf,1,born-digital,0,2278,0.003,594,841,
26_0285_FUL,12_proposed_elevation.pdf,1,born-digital,0,2160,0.003,594,841,
26_0285_FUL,13_proposed_elevation.pdf,1,born-digital,0,1665,0.003,594,841,
26_0295_FUL,01_existing_floor_plan.pdf,1,born-digital,1814,555,0.0,420,297,
26_0295_FUL,02_existing_elevation.pdf,1,born-digital,1710,443,0.0,420,297,
26_0295_FUL,03_proposed_floor_plan.pdf,1,born-digital,2032,12399,0.0,420,297,
26_0295_FUL,04_proposed_elevation.pdf,1,born-digital,2171,585,0.0,420,297,
26_0295_FUL,05_proposed_block_plan.pdf,1,born-digital,1344,170,0.0,420,297,
26_0295_FUL,06_location_plan.pdf,1,born-digital,1871,3811,0.0,210,297,
26_0304_FUL,01_existing_site_plan.pdf,1,born-digital,540,3458,0.0,297,420,
26_0304_FUL,02_existing_floor_plan.pdf,1,born-digital,692,3600,0.0,297,420,
26_0304_FUL,03_existing_floor_plan.pdf,1,born-digital,676,710,0.0,420,297,
26_0304_FUL,04_existing_elevation.pdf,1,born-digital,634,646,0.0,420,297,
26_0304_FUL,05_existing_combined.pdf,1,born-digital,708,156,0.0,420,297,
26_0304_FUL,06_location_plan.pdf,1,born-digital,205,2,0.236,297,210,
26_0304_FUL,07_details.pdf,1,born-digital,1197,4175,0.061,420,297,
26_0304_FUL,08_drawing_other.pdf,1,born-digital,1171,5430,0.185,420,297,
26_0304_FUL,09_existing_site_plan.pdf,1,born-digital,2099,2994,0.0,297,420,
26_0304_FUL,10_site_plan.pdf,1,born-digital,894,3811,0.0,297,420,
26_0304_FUL,11_floor_plan.pdf,1,born-digital,1027,3978,0.0,297,420,
26_0304_FUL,12_floor_plan.pdf,1,born-digital,738,756,0.0,420,297,
26_0304_FUL,13_proposed_elevation.pdf,1,born-digital,1643,4590,0.17,420,297,
26_0304_FUL,14_proposed_combined.pdf,1,born-digital,1489,1589,0.0,420,297,
26_0325_FUL,01_existing_floor_plan.pdf,1,born-digital,601,821,0.004,420,297,
26_0325_FUL,02_block_plan.pdf,1,born-digital,482,58,0.004,420,297,
26_0325_FUL,03_existing_site_plan.pdf,1,born-digital,451,105,0.004,420,297,
26_0325_FUL,04_existing_elevation.pdf,1,born-digital,654,2063,0.004,420,297,
26_0325_FUL,05_existing_elevation.pdf,1,born-digital,658,1285,0.004,420,297,
26_0325_FUL,06_existing_floor_plan.pdf,1,born-digital,546,695,0.004,420,297,
26_0325_FUL,07_proposed_site_plan.pdf,1,born-digital,549,152,0.004,420,297,
26_0325_FUL,08_floor_plan.pdf,1,born-digital,804,1315,0.004,420,297,
26_0325_FUL,09_floor_plan.pdf,1,born-digital,691,967,0.004,420,297,
26_0325_FUL,10_elevation.pdf,1,born-digital,805,1488,0.004,420,297,
26_0325_FUL,11_elevation.pdf,1,born-digital,811,2790,0.004,420,297,
26_0325_FUL,12_section.pdf,1,born-digital,628,6087,0.004,420,297,
26_0325_FUL,13_location_plan.pdf,1,born-digital,762,71,0.004,420,297,
26_0325_FUL,14_location_plan.pdf,1,born-digital,762,71,0.004,420,297,
26_0329_FUL,01_floor_plan.pdf,1,born-digital,1718,560,0.0,297,420,
26_0329_FUL,02_existing_floor_plan.pdf,1,born-digital,0,11058,0.0,841,594,
26_0329_FUL,03_location_plan.pdf,1,born-digital,204,2,0.233,210,297,
26_0329_FUL,04_existing_floor_plan.pdf,1,born-digital,345,29,0.0,594,420,
26_0329_FUL,05_existing_elevation.pdf,1,born-digital,366,22,0.0,420,297,
26_0329_FUL,06_proposed_floor_plan.pdf,1,born-digital,7658,77,0.0,594,420,
26_0329_FUL,07_proposed_elevation.pdf,1,born-digital,592,23,0.0,420,297,
26_0329_FUL,08_existing_site_plan.pdf,1,born-digital,434,21,0.0,594,420,
26_0329_FUL,09_proposed_site_plan.pdf,1,born-digital,571,25,0.0,594,420,
26_0335_FUL,01_location_plan.pdf,1,mixed,227,42,1.0,210,297,
26_0335_FUL,02_existing_drawing_other.pdf,1,mixed,647,696,1.0,840,594,
26_0335_FUL,03_proposed_elevation.pdf,1,mixed,862,2600,1.0,840,594,
26_0343_FUL,01_location_plan.pdf,1,born-digital,984,160,0.0,210,297,
26_0343_FUL,02_proposed_drawing_other.pdf,1,born-digital,4001,17544,0.013,841,594,
26_0343_FUL,03_existing_floor_plan.pdf,1,born-digital,2959,3783,0.0,841,594,
26_0551_FUL,01_existing_combined.pdf,1,mixed,1368,2681,1.0,840,594,
26_0551_FUL,02_location_plan.pdf,1,born-digital,205,2,0.236,297,210,
26_0551_FUL,03_proposed_combined.pdf,1,mixed,1402,3006,1.0,840,594,
26_0551_FUL,04_proposed_site_plan.pdf,1,mixed,889,37,1.0,420,297,
26_0581_FUL,01_existing_block_plan.pdf,1,born-digital,1223,3516,0.435,420,297,
26_0581_FUL,02_location_plan.pdf,1,born-digital,1305,498,0.434,210,297,
26_0581_FUL,03_existing_roof_plan.pdf,1,born-digital,1481,4889,0.024,841,594,
26_0581_FUL,04_existing_elevation.pdf,1,born-digital,751,1685,0.007,841,594,
26_0581_FUL,05_proposed_elevation.pdf,1,born-digital,1572,3153,0.008,841,594,
26_0581_FUL,06_drawing_other.pdf,1,scanned,0,0,0.723,210,297,
26_0581_FUL,06_drawing_other.pdf,2,born-digital,628,50,0.055,210,297,
26_0581_FUL,06_drawing_other.pdf,3,born-digital,95,1,0.0,210,297,
26_0581_FUL,06_drawing_other.pdf,4,born-digital,977,194,0.0,210,297,
26_0581_FUL,06_drawing_other.pdf,5,born-digital,938,9,0.0,210,297,
26_0581_FUL,07_proposed_block_plan.pdf,1,born-digital,1773,1384,0.435,420,297,
26_0581_FUL,08_proposed_roof_plan.pdf,1,born-digital,2407,4520,0.032,841,594,
26_0587_FUL,01_existing_floor_plan.pdf,1,born-digital,0,2053,0.0,297,420,
26_0587_FUL,02_proposed_floor_plan.pdf,1,born-digital,0,3175,0.0,297,420,
26_0587_FUL,03_proposed_combined.pdf,1,born-digital,0,1955,0.0,297,420,
26_0587_FUL,04_elevation.pdf,1,born-digital,0,2373,0.0,297,420,
26_0587_FUL,05_proposed_block_plan.pdf,1,born-digital,0,1442,0.0,297,420,
26_0587_FUL,06_location_plan.pdf,1,born-digital,0,2276,0.0,210,297,
26_0603_FUL,01_location_plan.pdf,1,born-digital,206,2,0.236,297,210,
26_0603_FUL,02_existing_site_plan.pdf,1,born-digital,778,9969,0.018,420,297,
26_0603_FUL,03_existing_elevation.pdf,1,born-digital,601,610,0.018,420,297,
26_0603_FUL,04_proposed_site_plan.pdf,1,born-digital,1032,10058,0.018,420,297,
26_0603_FUL,05_proposed_elevation.pdf,1,born-digital,600,1255,0.018,420,297,
26_0607_FUL,01_proposed_roof_plan.pdf,1,born-digital,645,697,0.0,420,297,
26_0607_FUL,02_proposed_elevation.pdf,1,born-digital,1047,601,0.0,420,297,
26_0607_FUL,03_location_plan.pdf,1,born-digital,850,309,0.0,210,297,
26_0607_FUL,04_existing_floor_plan.pdf,1,born-digital,709,1425,0.0,420,297,
26_0607_FUL,05_existing_elevation.pdf,1,born-digital,655,525,0.0,420,297,
26_0607_FUL,06_existing_site_plan.pdf,1,born-digital,605,446,0.0,420,297,
26_0607_FUL,07_proposed_site_plan.pdf,1,born-digital,605,473,0.0,420,297,
26_0607_FUL,08_proposed_floor_plan.pdf,1,born-digital,967,2139,0.0,420,297,
26_0626_FUL,01_location_plan.pdf,1,born-digital,1177,2061,0.014,210,297,
26_0626_FUL,02_existing_floor_plan.pdf,1,born-digital,766,697,0.243,420,297,
26_0626_FUL,03_proposed_floor_plan.pdf,1,born-digital,1155,1249,0.257,420,297,
26_0626_FUL,04_proposed_elevation.pdf,1,mixed,1217,492,0.864,420,297,
26_0626_FUL,05_proposed_roof_plan.pdf,1,born-digital,544,114,0.007,420,297,
26_0626_FUL,06_existing_elevation.pdf,1,born-digital,570,641,0.107,420,297,
26_0640_FUL,01_location_plan.pdf,1,scanned,0,0,0.999,216,300,
26_0640_FUL,02_existing_proposed_combined.pdf,1,scanned,0,0,1.0,421,297,
26_0654_FUL,01_existing_combined.pdf,1,born-digital,947,3312,0.0,841,594,
26_0654_FUL,02_existing_combined.pdf,1,born-digital,1076,1013,0.0,841,594,
26_0654_FUL,03_location_plan.pdf,1,born-digital,522,2960,0.0,420,297,
26_0673_FUL,01_drawing_other.pdf,1,born-digital,1677,2034,0.005,420,297,
26_0673_FUL,01_drawing_other.pdf,2,born-digital,1622,453,0.005,420,297,
26_0673_FUL,01_drawing_other.pdf,3,born-digital,1843,1119,0.005,420,297,
26_0673_FUL,01_drawing_other.pdf,4,born-digital,1829,910,0.005,420,297,
26_0673_FUL,01_drawing_other.pdf,5,born-digital,1573,224,0.005,420,297,
26_0673_FUL,01_drawing_other.pdf,6,born-digital,1813,1500,0.005,420,297,
26_0673_FUL,01_drawing_other.pdf,7,born-digital,1619,715,0.005,420,297,
26_0673_FUL,01_drawing_other.pdf,8,born-digital,1714,782,0.005,420,297,
26_0673_FUL,01_drawing_other.pdf,9,born-digital,1595,597,0.005,420,297,
26_0673_FUL,01_drawing_other.pdf,10,born-digital,1521,202,0.005,420,297,
26_0673_FUL,01_drawing_other.pdf,11,born-digital,2485,2006,0.005,420,297,
26_0673_FUL,01_drawing_other.pdf,12,born-digital,1801,647,0.005,420,297,
26_0673_FUL,01_drawing_other.pdf,13,born-digital,1703,171,0.005,420,297,
26_0673_FUL,01_drawing_other.pdf,14,born-digital,1949,1738,0.005,420,297,
26_0673_FUL,01_drawing_other.pdf,15,born-digital,1746,2181,0.005,420,297,
26_0673_FUL,01_drawing_other.pdf,16,born-digital,1573,1721,0.005,420,297,
26_0673_FUL,01_drawing_other.pdf,17,born-digital,1934,741,0.005,420,297,
26_0673_FUL,02_location_plan.pdf,1,born-digital,0,3936,0.022,210,297,
26_0673_FUL,03_proposed_site_plan.pdf,1,born-digital,2068,1036,0.005,420,297,
26_0673_FUL,04_proposed_floor_plan.pdf,1,born-digital,3277,1906,0.005,420,297,
26_0673_FUL,05_proposed_drawing_other.pdf,1,born-digital,2245,1243,0.005,420,297,
26_0700_FUL,01_floor_plan.pdf,1,born-digital,1215,414,0.0,420,297,
26_0700_FUL,02_section.pdf,1,born-digital,1100,2807,0.0,420,297,
26_0700_FUL,03_elevation.pdf,1,mixed,1103,1983,1.0,420,297,
26_0700_FUL,04_elevation.pdf,1,mixed,1235,3416,1.0,420,297,
26_0700_FUL,05_elevation.pdf,1,born-digital,1100,1465,0.0,420,297,
26_0700_FUL,06_elevation.pdf,1,born-digital,1202,5988,0.0,420,297,
26_0700_FUL,07_elevation.pdf,1,born-digital,1120,1983,0.0,420,297,
26_0700_FUL,08_location_plan.pdf,1,born-digital,1142,110,0.0,420,297,
26_0700_FUL,09_site_plan.pdf,1,born-digital,1247,1117,0.0,420,297,
26_0700_FUL,10_elevation.pdf,1,mixed,1145,7401,1.0,420,297,
26_0700_FUL,11_floor_plan.pdf,1,born-digital,1354,1388,0.0,420,297,
26_0709_FUL,01_location_plan.pdf,1,born-digital,357,230,0.0,210,297,
26_0709_FUL,02_existing_proposed_site_plan.pdf,1,born-digital,611,275,0.0,210,297,
26_0709_FUL,03_proposed_combined.pdf,1,born-digital,2248,9454,0.064,841,594,
26_0709_FUL,04_existing_combined.pdf,1,born-digital,2004,9452,0.064,841,594,
26_0710_FUL,01_existing_elevation.pdf,1,born-digital,779,52091,0.031,841,594,
26_0710_FUL,02_proposed_block_plan.pdf,1,mixed,2244,17618,1.0,420,297,
26_0710_FUL,03_existing_block_plan.pdf,1,mixed,1324,19281,1.0,420,297,
26_0710_FUL,04_proposed_elevation.pdf,1,born-digital,1255,63515,0.047,841,594,
26_0710_FUL,05_existing_roof_plan.pdf,1,born-digital,1418,240840,0.085,841,594,
26_0710_FUL,06_location_plan.pdf,1,mixed,1345,464,0.785,210,297,
26_0710_FUL,07_proposed_roof_plan.pdf,1,born-digital,2010,267278,0.13,841,594,
26_0780_FUL,01_existing_floor_plan.pdf,1,born-digital,685,831,0.185,420,297,
26_0780_FUL,02_existing_elevation.pdf,1,born-digital,596,462,0.115,420,297,
26_0780_FUL,03_drawing_other.pdf,1,born-digital,1218,447,0.014,210,297,
26_0780_FUL,04_drawing_other.pdf,1,born-digital,945,1305,0.216,420,297,
26_0780_FUL,05_drawing_other.pdf,1,mixed,1257,734,0.847,420,297,
26_0792_FUL,01_location_plan.pdf,1,mixed,205,2,0.594,297,210,
26_0792_FUL,02_existing_floor_plan.pdf,1,born-digital,497,2874,0.011,841,594,
26_0792_FUL,03_proposed_floor_plan.pdf,1,born-digital,534,2302,0.009,841,594,
26_0804_FUL,01_proposed_roof_plan.pdf,1,born-digital,809,773,0.014,420,297,
26_0804_FUL,02_existing_proposed_block_plan.pdf,1,born-digital,602,413,0.014,420,297,
26_0804_FUL,03_location_plan.pdf,1,born-digital,205,2,0.236,297,210,
26_0804_FUL,04_existing_site_plan.pdf,1,born-digital,2367,900,0.018,420,297,
26_0804_FUL,05_existing_floor_plan.pdf,1,born-digital,638,257,0.018,420,297,
26_0804_FUL,06_existing_elevation.pdf,1,born-digital,636,419,0.018,420,297,
26_0804_FUL,07_proposed_floor_plan.pdf,1,born-digital,923,2160,0.014,420,297,
26_0804_FUL,08_proposed_elevation.pdf,1,born-digital,1620,2844,0.222,420,297,
26_0810_FUL,01_location_plan.pdf,1,born-digital,0,1009,0.0,210,297,
26_0810_FUL,02_site_plan.pdf,1,born-digital,0,991,0.0,210,297,
26_0810_FUL,03_drawing_other.pdf,1,born-digital,3105,405,0.001,841,594,
26_0810_FUL,04_combined.pdf,1,born-digital,1899,565,0.001,841,594,
26_0810_FUL,05_floor_plan.pdf,1,born-digital,0,1766,0.0,420,297,
26_0832_FUL,01_location_plan.pdf,1,mixed,339,24,1.0,210,297,
26_0832_FUL,02_block_plan.pdf,1,mixed,191,24,1.0,210,297,
26_0832_FUL,03_proposed_block_plan.pdf,1,mixed,194,24,1.0,210,297,
26_0832_FUL,04_existing_combined.pdf,1,mixed,558,100,1.0,841,594,
26_0832_FUL,05_proposed_combined.pdf,1,mixed,1079,223,1.0,841,594,
26_0983_FUL,01_existing_proposed_site_plan.pdf,1,born-digital,999,36,0.005,841,594,
26_0983_FUL,02_existing_floor_plan.pdf,1,born-digital,1329,589,0.005,841,594,
26_0983_FUL,03_existing_elevation.pdf,1,born-digital,1538,1705,0.005,841,594,
26_0983_FUL,04_location_plan.pdf,1,born-digital,987,30,0.005,420,297,
26_0983_FUL,05_proposed_floor_plan.pdf,1,born-digital,1339,572,0.005,841,594,
26_0983_FUL,06_proposed_elevation.pdf,1,born-digital,1685,1185,0.005,841,594,
26_0994_FUL,01_proposed_section.pdf,1,born-digital,781,233,0.0,420,297,
26_0994_FUL,02_survey.pdf,1,born-digital,688,118,0.0,420,297,
26_0994_FUL,03_details.pdf,1,born-digital,815,1757,0.0,420,297,
26_0994_FUL,04_existing_floor_plan.pdf,1,born-digital,1328,767,0.0,420,297,
26_0994_FUL,05_existing_roof_plan.pdf,1,born-digital,1279,383,0.0,420,297,
26_0994_FUL,06_existing_elevation.pdf,1,born-digital,939,244,0.0,420,297,
26_0994_FUL,07_existing_section.pdf,1,born-digital,693,94,0.0,420,297,
26_0994_FUL,08_existing_section.pdf,1,born-digital,691,112,0.0,420,297,
26_0994_FUL,09_section.pdf,1,born-digital,1344,95,0.02,420,297,
26_0994_FUL,10_section.pdf,1,born-digital,987,101,0.02,420,297,
26_0994_FUL,11_existing_proposed_block_plan.pdf,1,mixed,782,69,0.536,420,297,
26_0994_FUL,12_existing_section.pdf,1,born-digital,666,74,0.0,420,297,
26_0994_FUL,13_proposed_floor_plan.pdf,1,born-digital,1537,803,0.0,420,297,
26_0994_FUL,14_proposed_roof_plan.pdf,1,born-digital,1270,255,0.0,420,297,
26_0994_FUL,15_proposed_elevation.pdf,1,born-digital,1135,283,0.0,420,297,
26_0994_FUL,16_floor_plan.pdf,1,born-digital,1944,208,0.02,420,297,
26_0994_FUL,17_floor_plan.pdf,1,born-digital,2649,257,0.02,420,297,
26_0994_FUL,18_section.pdf,1,born-digital,1273,49,0.02,420,297,
26_0994_FUL,19_location_plan.pdf,1,scanned,0,8,0.605,210,297,
26_0997_FUL,01_site_plan.pdf,1,born-digital,1123,361,0.014,210,297,
26_0997_FUL,02_existing_floor_plan.pdf,1,born-digital,720,675,0.119,420,297,
26_0997_FUL,03_existing_elevation.pdf,1,born-digital,530,359,0.176,420,297,
26_0997_FUL,04_proposed_floor_plan.pdf,1,born-digital,1034,946,0.139,420,297,
26_0997_FUL,05_proposed_elevation.pdf,1,mixed,1110,789,0.592,420,297,
26_0999_FUL,01_location_plan.pdf,1,born-digital,207,2,0.236,297,210,
26_0999_FUL,02_location_plan.pdf,1,scanned,0,0,1.0,588,830,
26_0999_FUL,03_floor_plan.pdf,1,scanned,0,0,0.596,210,297,
26_0999_FUL,04_block_plan.pdf,1,scanned,0,0,0.591,210,297,
26_0999_FUL,05_elevation.pdf,1,scanned,0,0,0.59,210,297,
26_1018_FUL,01_location_plan.pdf,1,born-digital,207,2,0.236,297,210,
26_1018_FUL,02_floor_plan.pdf,1,born-digital,775,949,0.0,420,297,
26_1018_FUL,03_existing_elevation.pdf,1,born-digital,624,757,0.025,420,297,
26_1018_FUL,04_floor_plan.pdf,1,born-digital,702,507,0.0,420,297,
26_1018_FUL,05_block_plan.pdf,1,born-digital,617,383,0.0,420,297,
26_1018_FUL,06_proposed_elevation.pdf,1,born-digital,781,831,0.028,420,297,
26_1183_FUL,01_existing_block_plan.pdf,1,born-digital,1814,387,0.007,420,297,
26_1183_FUL,02_existing_floor_plan.pdf,1,born-digital,1922,925,0.007,841,594,
26_1183_FUL,03_existing_floor_plan.pdf,1,born-digital,821,712,0.007,841,594,
26_1183_FUL,04_existing_elevation.pdf,1,born-digital,1018,1196,0.007,841,594,
26_1183_FUL,05_proposed_floor_plan.pdf,1,born-digital,1569,1389,0.007,841,594,
26_1183_FUL,06_proposed_elevation.pdf,1,mixed,1684,53490,1.0,841,594,
26_1183_FUL,07_proposed_section.pdf,1,born-digital,1701,4991,0.007,841,594,
26_1183_FUL,08_drawing_other.pdf,1,born-digital,2538,107,0.017,210,297,
26_1183_FUL,08_drawing_other.pdf,2,born-digital,2031,9,0.0,210,297,
26_1183_FUL,08_drawing_other.pdf,3,born-digital,334,5,0.0,210,297,
26_1183_FUL,08_drawing_other.pdf,4,born-digital,1294,9,0.132,210,297,
26_1183_FUL,08_drawing_other.pdf,5,born-digital,492,5,0.124,210,297,
26_1183_FUL,08_drawing_other.pdf,6,born-digital,871,9,0.0,210,297,
26_1183_FUL,08_drawing_other.pdf,7,born-digital,2056,44,0.0,210,297,
26_1183_FUL,08_drawing_other.pdf,8,born-digital,1064,7,0.248,210,297,
26_1183_FUL,08_drawing_other.pdf,9,born-digital,716,6,0.163,210,297,
26_1183_FUL,08_drawing_other.pdf,10,born-digital,1757,9,0.0,210,297,
26_1183_FUL,08_drawing_other.pdf,11,born-digital,2222,9,0.0,210,297,
26_1183_FUL,08_drawing_other.pdf,12,born-digital,2500,8,0.0,210,297,
26_1183_FUL,08_drawing_other.pdf,13,born-digital,1464,5,0.0,210,297,
26_1183_FUL,08_drawing_other.pdf,14,born-digital,1442,17,0.0,210,297,
26_1183_FUL,08_drawing_other.pdf,15,born-digital,3303,9,0.0,210,297,
26_1183_FUL,08_drawing_other.pdf,16,born-digital,1291,21,0.134,210,297,
26_1183_FUL,08_drawing_other.pdf,17,born-digital,977,21,0.133,210,297,
26_1183_FUL,08_drawing_other.pdf,18,born-digital,623,15,0.056,210,297,
26_1183_FUL,09_proposed_roof_plan.pdf,1,born-digital,1185,1366,0.007,841,594,
26_1183_FUL,10_drawing_other.pdf,1,born-digital,563,116,0.024,210,297,
26_1183_FUL,10_drawing_other.pdf,2,born-digital,5514,6,0.005,210,297,
26_1183_FUL,10_drawing_other.pdf,3,born-digital,811,6,0.005,210,297,
26_1183_FUL,10_drawing_other.pdf,4,born-digital,3106,7,0.005,210,297,
26_1183_FUL,10_drawing_other.pdf,5,born-digital,3109,6,0.005,210,297,
26_1183_FUL,10_drawing_other.pdf,6,born-digital,2991,7,0.005,210,297,
26_1183_FUL,10_drawing_other.pdf,7,born-digital,2100,6,0.005,210,297,
26_1183_FUL,10_drawing_other.pdf,8,born-digital,1272,49,0.005,210,297,
26_1183_FUL,10_drawing_other.pdf,9,born-digital,3076,122,0.005,210,297,
26_1183_FUL,10_drawing_other.pdf,10,born-digital,1026,109,0.005,210,297,
26_1183_FUL,10_drawing_other.pdf,11,born-digital,3211,6,0.005,210,297,
26_1183_FUL,10_drawing_other.pdf,12,born-digital,3008,80,0.005,210,297,
26_1183_FUL,10_drawing_other.pdf,13,born-digital,1337,7,0.005,210,297,
26_1183_FUL,10_drawing_other.pdf,14,born-digital,2567,105,0.005,210,297,
26_1183_FUL,10_drawing_other.pdf,15,born-digital,2798,122,0.005,210,297,
26_1183_FUL,10_drawing_other.pdf,16,born-digital,2354,6,0.005,210,297,
26_1183_FUL,10_drawing_other.pdf,17,born-digital,1880,103,0.005,297,210,
26_1183_FUL,10_drawing_other.pdf,18,born-digital,1336,73,0.005,297,210,
26_1183_FUL,10_drawing_other.pdf,19,born-digital,2517,43,0.005,210,297,
26_1183_FUL,10_drawing_other.pdf,20,born-digital,1160,43,0.005,210,297,
26_1183_FUL,10_drawing_other.pdf,21,born-digital,28,0,0.0,210,297,
26_1183_FUL,10_drawing_other.pdf,22,born-digital,43,0,0.0,210,297,
26_1183_FUL,10_drawing_other.pdf,23,mixed,251,44,0.815,275,191,
26_1183_FUL,10_drawing_other.pdf,24,born-digital,41,0,0.0,210,297,
26_1183_FUL,10_drawing_other.pdf,25,born-digital,1884,86,0.0,210,297,
26_1183_FUL,10_drawing_other.pdf,26,born-digital,728,107,0.0,210,297,
26_1183_FUL,10_drawing_other.pdf,27,born-digital,1778,81,0.0,210,297,
26_1183_FUL,10_drawing_other.pdf,28,born-digital,1333,117,0.0,210,297,
26_1183_FUL,10_drawing_other.pdf,29,born-digital,1989,78,0.0,210,297,
26_1183_FUL,10_drawing_other.pdf,30,born-digital,691,102,0.0,210,297,
26_1183_FUL,10_drawing_other.pdf,31,born-digital,1288,101,0.0,210,297,
26_1183_FUL,10_drawing_other.pdf,32,born-digital,1505,100,0.0,210,297,
26_1183_FUL,10_drawing_other.pdf,33,born-digital,1634,105,0.0,210,297,
26_1183_FUL,10_drawing_other.pdf,34,born-digital,28,0,0.0,210,297,
26_1183_FUL,10_drawing_other.pdf,35,born-digital,241,3,0.494,191,275,
26_1183_FUL,10_drawing_other.pdf,36,born-digital,212,3,0.329,191,275,
26_1183_FUL,10_drawing_other.pdf,37,mixed,265,3,0.629,191,275,
26_1183_FUL,10_drawing_other.pdf,38,born-digital,253,3,0.279,191,275,
26_1183_FUL,10_drawing_other.pdf,39,mixed,255,3,0.512,191,275,
26_1183_FUL,10_drawing_other.pdf,40,born-digital,42,0,0.0,210,297,
26_1183_FUL,10_drawing_other.pdf,41,born-digital,396,694,0.305,275,191,
26_1183_FUL,10_drawing_other.pdf,42,born-digital,411,37,0.204,275,191,
26_1183_FUL,10_drawing_other.pdf,43,born-digital,51,0,0.0,210,297,
26_1183_FUL,10_drawing_other.pdf,44,born-digital,1506,157,0.011,210,297,
26_1183_FUL,10_drawing_other.pdf,45,born-digital,1482,157,0.011,210,297,
26_1183_FUL,10_drawing_other.pdf,46,born-digital,1482,157,0.011,210,297,
26_1183_FUL,10_drawing_other.pdf,47,born-digital,1476,157,0.011,210,297,
26_1183_FUL,10_drawing_other.pdf,48,born-digital,49,0,0.0,210,297,
26_1183_FUL,10_drawing_other.pdf,49,born-digital,1748,6,0.05,210,297,
26_1183_FUL,10_drawing_other.pdf,50,born-digital,841,54,0.008,210,297,
26_1183_FUL,10_drawing_other.pdf,51,born-digital,1294,81,0.009,210,297,
26_1183_FUL,10_drawing_other.pdf,52,born-digital,1271,54,0.007,210,297,
26_1183_FUL,10_drawing_other.pdf,53,born-digital,54,0,0.0,210,297,
26_1183_FUL,10_drawing_other.pdf,54,born-digital,2780,364,0.029,216,279,
26_1183_FUL,10_drawing_other.pdf,55,born-digital,2086,2,0.033,216,279,
26_1183_FUL,10_drawing_other.pdf,56,born-digital,3108,421,0.029,216,279,
26_1183_FUL,10_drawing_other.pdf,57,born-digital,3079,393,0.029,216,279,
26_1183_FUL,10_drawing_other.pdf,58,born-digital,2827,349,0.029,216,279,
26_1183_FUL,10_drawing_other.pdf,59,born-digital,2383,253,0.029,216,279,
26_1183_FUL,10_drawing_other.pdf,60,born-digital,2935,112,0.029,216,279,
26_1183_FUL,10_drawing_other.pdf,61,born-digital,2893,112,0.029,216,279,
26_1183_FUL,10_drawing_other.pdf,62,born-digital,1491,49,0.029,216,279,
26_1183_FUL,10_drawing_other.pdf,63,born-digital,3453,99,0.029,216,279,
26_1183_FUL,10_drawing_other.pdf,64,born-digital,3408,112,0.029,216,279,
26_1183_FUL,10_drawing_other.pdf,65,born-digital,1964,23,0.029,216,279,
26_1183_FUL,10_drawing_other.pdf,66,born-digital,47,0,0.0,210,297,
26_1183_FUL,10_drawing_other.pdf,67,born-digital,6861,1061,0.001,210,297,
26_1183_FUL,10_drawing_other.pdf,68,born-digital,36,0,0.0,210,297,
26_1183_FUL,10_drawing_other.pdf,69,born-digital,2834,93,0.005,297,210,
26_1183_FUL,10_drawing_other.pdf,70,born-digital,44,0,0.0,210,297,
26_1183_FUL,10_drawing_other.pdf,71,born-digital,2483,209,0.021,210,297,
26_1183_FUL,10_drawing_other.pdf,72,born-digital,582,47,0.022,210,297,
26_1183_FUL,10_drawing_other.pdf,73,born-digital,1965,765,0.032,210,297,
26_1183_FUL,10_drawing_other.pdf,74,born-digital,3140,1057,0.06,210,297,
26_1183_FUL,10_drawing_other.pdf,75,born-digital,658,27,0.022,210,297,
26_1183_FUL,10_drawing_other.pdf,76,born-digital,3267,30,0.031,210,297,
26_1183_FUL,10_drawing_other.pdf,77,born-digital,3292,37,0.029,210,297,
26_1183_FUL,10_drawing_other.pdf,78,born-digital,2972,41,0.022,210,297,
26_1183_FUL,10_drawing_other.pdf,79,born-digital,2428,208,0.021,210,297,
26_1183_FUL,10_drawing_other.pdf,80,born-digital,582,47,0.022,210,297,
26_1183_FUL,10_drawing_other.pdf,81,born-digital,2044,825,0.032,210,297,
26_1183_FUL,10_drawing_other.pdf,82,born-digital,3208,1092,0.06,210,297,
26_1183_FUL,10_drawing_other.pdf,83,born-digital,3266,30,0.031,210,297,
26_1183_FUL,10_drawing_other.pdf,84,born-digital,3291,37,0.029,210,297,
26_1183_FUL,10_drawing_other.pdf,85,born-digital,2945,41,0.022,210,297,
26_1183_FUL,10_drawing_other.pdf,86,born-digital,42,0,0.0,210,297,
26_1183_FUL,10_drawing_other.pdf,87,born-digital,4806,4,0.004,210,297,
26_1183_FUL,11_location_plan.pdf,1,born-digital,7148,7038,0.007,420,297,
26_1193_FUL,01_location_plan.pdf,1,born-digital,0,1166,0.0,210,297,
26_1193_FUL,02_site_plan.pdf,1,born-digital,0,1295,0.0,210,297,
26_1193_FUL,03_floor_plan.pdf,1,born-digital,0,1268,0.0,420,297,
26_1193_FUL,04_floor_plan.pdf,1,born-digital,0,2505,0.0,420,297,
26_1193_FUL,05_drawing_other.pdf,1,born-digital,0,936,0.0,420,297,
26_1193_FUL,06_drawing_other.pdf,1,born-digital,0,1560,0.0,420,297,
26_1207_FUL,01_proposed_floor_plan.pdf,1,born-digital,0,3423,0.0,841,594,
26_1207_FUL,02_proposed_elevation.pdf,1,born-digital,0,3386,0.0,841,594,
26_1207_FUL,03_existing_floor_plan.pdf,1,born-digital,0,3082,0.0,841,594,
26_1207_FUL,04_existing_elevation.pdf,1,born-digital,0,3509,0.0,841,594,
26_1207_FUL,05_existing_combined.pdf,1,born-digital,259,51,0.0,210,297,
26_1207_FUL,06_location_plan.pdf,1,scanned,0,0,0.998,216,294,
26_1207_FUL,07_location_plan.pdf,1,scanned,0,0,0.998,216,294,
26_1248_FUL,01_proposed_site_plan.pdf,1,born-digital,1500,4692,0.0,841,594,
26_1248_FUL,02_floor_plan.pdf,1,born-digital,1007,1083,0.0,841,594,
26_1248_FUL,03_location_plan.pdf,1,born-digital,207,2,0.236,297,210,
