reference,register_url,accessed_on,doc_index,doc_kind,category,bytes,status
26/0071/FUL,https://exeter.gov.uk/planning-services/permissions-and-applications/related-documents/?appref=26%2F0071,2026-09-09,1,existing_elevation,Drawings and Plans,62169,ok
26/0071/FUL,https://exeter.gov.uk/planning-services/permissions-and-applications/related-documents/?appref=26%2F0071,2026-09-09,2,existing_section,Drawings and Plans,69547,ok
26/0071/FUL,https://exeter.gov.uk/planning-services/permissions-and-applications/related-documents/?appref=26%2F0071,2026-09-09,3,proposed_site_plan,Drawings and Plans,31931,ok
26/0071/FUL,https://exeter.gov.uk/planning-services/permissions-and-applications/related-documents/?appref=26%2F0071,2026-09-09,4,proposed_floor_plan,Drawings and Plans,313991,ok
26/0071/FUL,https://exeter.gov.uk/planning-services/permissions-and-applications/related-documents/?appref=26%2F0071,2026-09-09,5,proposed_roof_plan,Drawings and Plans,314439,ok
26/0071/FUL,https://exeter.gov.uk/planning-services/permissions-and-applications/related-documents/?appref=26%2F0071,2026-09-09,6,proposed_elevation,Drawings and Plans,1647179,ok
26/0071/FUL,https://exeter.gov.uk/planning-services/permissions-and-applications/related-documents/?appref=26%2F0071,2026-09-09,7,existing_site_plan,Drawings and Plans,31455,ok
26/0071/FUL,https://exeter.gov.uk/planning-services/permissions-and-applications/related-documents/?appref=26%2F0071,2026-09-09,8,existing_floor_plan,Drawings and Plans,57846,ok
26/0071/FUL,https://exeter.gov.uk/planning-services/permissions-and-applications/related-documents/?appref=26%2F0071,2026-09-09,9,existing_roof_plan,Drawings and Plans,62255,ok
26/0071/FUL,https://exeter.gov.uk/planning-services/permissions-and-applications/related-documents/?appref=26%2F0071,2026-09-09,10,existing_elevation,Drawings and Plans,76827,ok
26/0071/FUL,https://exeter.gov.uk/planning-services/permissions-and-applications/related-documents/?appref=26%2F0071,2026-09-09,11,proposed_elevation,Drawings and Plans,306430,ok
26/0071/FUL,https://exeter.gov.uk/planning-services/permissions-and-applications/related-documents/?appref=26%2F0071,2026-09-09,12,proposed_section,Drawings and Plans,65939,ok
26/0071/FUL,https://exeter.gov.uk/planning-services/permissions-and-applications/related-documents/?appref=26%2F0071,2026-09-09,13,existing_floor_plan,Drawings and Plans,2270795,ok
26/0071/FUL,https://exeter.gov.uk/planning-services/permissions-and-applications/related-documents/?appref=26%2F0071,2026-09-09,14,location_plan,Drawings and Plans,143009,ok
26/0071/FUL,https://exeter.gov.uk/planning-services/permissions-and-applications/related-documents/?appref=26%2F0071,2026-09-09,15,proposed_floor_plan,Drawings and Plans,586060,ok
26/0071/FUL,https://exeter.gov.uk/planning-services/permissions-and-applications/related-documents/?appref=26%2F0071,2026-09-09,16,proposed_drawing_other,Drawings and Plans,143826,ok
26/0014/FUL,https://exeter.gov.uk/planning-services/permissions-and-applications/related-documents/?appref=26%2F0014,2026-09-09,1,location_plan,Drawings and Plans,232104,ok
26/0014/FUL,https://exeter.gov.uk/planning-services/permissions-and-applications/related-documents/?appref=26%2F0014,2026-09-09,2,location_plan,Drawings and Plans,88630,ok
26/0014/FUL,https://exeter.gov.uk/planning-services/permissions-and-applications/related-documents/?appref=26%2F0014,2026-09-09,3,drawing_other,Drawings and Plans,315867,ok
26/0014/FUL,https://exeter.gov.uk/planning-services/permissions-and-applications/related-documents/?appref=26%2F0014,2026-09-09,4,floor_plan,Drawings and Plans,167830,ok
26/0014/FUL,https://exeter.gov.uk/planning-services/permissions-and-applications/related-documents/?appref=26%2F0014,2026-09-09,5,proposed_floor_plan,Drawings and Plans,92195,ok
26/0014/FUL,https://exeter.gov.uk/planning-services/permissions-and-applications/related-documents/?appref=26%2F0014,2026-09-09,6,existing_elevation,Drawings and Plans,148582,ok
26/0014/FUL,https://exeter.gov.uk/planning-services/permissions-and-applications/related-documents/?appref=26%2F0014,2026-09-09,7,proposed_elevation,Drawings and Plans,360757,ok
26/0014/FUL,https://exeter.gov.uk/planning-services/permissions-and-applications/related-documents/?appref=26%2F0014,2026-09-09,8,drawing_other,Drawings and Plans,325324,ok
26/0028/FUL,https://exeter.gov.uk/planning-services/permissions-and-applications/related-documents/?appref=26%2F0028,2026-09-09,1,location_plan,Drawings and Plans,328909,ok
26/0028/FUL,https://exeter.gov.uk/planning-services/permissions-and-applications/related-documents/?appref=26%2F0028,2026-09-09,2,proposed_elevation,Drawings and Plans,846571,ok
26/0028/FUL,https://exeter.gov.uk/planning-services/permissions-and-applications/related-documents/?appref=26%2F0028,2026-09-09,3,proposed_elevation,Drawings and Plans,731003,ok
26/0028/FUL,https://exeter.gov.uk/planning-services/permissions-and-applications/related-documents/?appref=26%2F0028,2026-09-09,4,proposed_floor_plan,Drawings and Plans,148144,ok
26/0028/FUL,https://exeter.gov.uk/planning-services/permissions-and-applications/related-documents/?appref=26%2F0028,2026-09-09,5,existing_elevation,Drawings and Plans,731103,ok
26/0028/FUL,https://exeter.gov.uk/planning-services/permissions-and-applications/related-documents/?appref=26%2F0028,2026-09-09,6,existing_elevation,Drawings and Plans,962705,ok
26/0028/FUL,https://exeter.gov.uk/planning-services/permissions-and-applications/related-documents/?appref=26%2F0028,2026-09-09,7,existing_floor_plan,Drawings and Plans,127387,ok
26/0028/FUL,https://exeter.gov.uk/planning-services/permissions-and-applications/related-documents/?appref=26%2F0028,2026-09-09,8,existing_floor_plan,Drawings and Plans,204237,ok
26/0028/FUL,https://exeter.gov.uk/planning-services/permissions-and-applications/related-documents/?appref=26%2F0028,2026-09-09,9,proposed_floor_plan,Drawings and Plans,239742,ok
26/0025/FUL,https://exeter.gov.uk/planning-services/permissions-and-applications/related-documents/?appref=26%2F0025,2026-09-09,1,proposed_floor_plan,Application Details,71244,ok
26/0025/FUL,https://exeter.gov.uk/planning-services/permissions-and-applications/related-documents/?appref=26%2F0025,2026-09-09,2,floor_plan,Application Details,1552373,ok
26/0025/FUL,https://exeter.gov.uk/planning-services/permissions-and-applications/related-documents/?appref=26%2F0025,2026-09-09,3,proposed_elevation,Application Details,57375,ok
26/0025/FUL,https://exeter.gov.uk/planning-services/permissions-and-applications/related-documents/?appref=26%2F0025,2026-09-09,4,proposed_elevation,Application Details,65755,ok
26/0025/FUL,https://exeter.gov.uk/planning-services/permissions-and-applications/related-documents/?appref=26%2F0025,2026-09-09,5,floor_plan,Application Details,68381,ok
26/0025/FUL,https://exeter.gov.uk/planning-services/permissions-and-applications/related-documents/?appref=26%2F0025,2026-09-09,6,proposed_roof_plan,Application Details,47792,ok
26/0025/FUL,https://exeter.gov.uk/planning-services/permissions-and-applications/related-documents/?appref=26%2F0025,2026-09-09,7,section,Application Details,91623,ok
26/0025/FUL,https://exeter.gov.uk/planning-services/permissions-and-applications/related-documents/?appref=26%2F0025,2026-09-09,8,proposed_elevation,Application Details,75753,ok
26/0025/FUL,https://exeter.gov.uk/planning-services/permissions-and-applications/related-documents/?appref=26%2F0025,2026-09-09,9,location_plan,Drawings and Plans,267690,ok
26/0025/FUL,https://exeter.gov.uk/planning-services/permissions-and-applications/related-documents/?appref=26%2F0025,2026-09-09,10,existing_site_plan,Drawings and Plans,38879,ok
26/0025/FUL,https://exeter.gov.uk/planning-services/permissions-and-applications/related-documents/?appref=26%2F0025,2026-09-09,11,existing_block_plan,Drawings and Plans,76136,ok
26/0025/FUL,https://exeter.gov.uk/planning-services/permissions-and-applications/related-documents/?appref=26%2F0025,2026-09-09,12,existing_floor_plan,Drawings and Plans,49283,ok
26/0025/FUL,https://exeter.gov.uk/planning-services/permissions-and-applications/related-documents/?appref=26%2F0025,2026-09-09,13,existing_elevation,Drawings and Plans,113235,ok
26/0059/FUL,https://exeter.gov.uk/planning-services/permissions-and-applications/related-documents/?appref=26%2F0059,2026-09-09,1,location_plan,Drawings and Plans,1217897,ok
26/0059/FUL,https://exeter.gov.uk/planning-services/permissions-and-applications/related-documents/?appref=26%2F0059,2026-09-09,2,floor_plan,Drawings and Plans,241928,ok
26/0059/FUL,https://exeter.gov.uk/planning-services/permissions-and-applications/related-documents/?appref=26%2F0059,2026-09-09,3,proposed_floor_plan,Drawings and Plans,347378,ok
26/0041/FUL,https://exeter.gov.uk/planning-services/permissions-and-applications/related-documents/?appref=26%2F0041,2026-09-09,1,location_plan,Drawings and Plans,57968,ok
26/0041/FUL,https://exeter.gov.uk/planning-services/permissions-and-applications/related-documents/?appref=26%2F0041,2026-09-09,2,existing_drawing_other,Drawings and Plans,49587,ok
26/0041/FUL,https://exeter.gov.uk/planning-services/permissions-and-applications/related-documents/?appref=26%2F0041,2026-09-09,3,existing_drawing_other,Drawings and Plans,1486094,ok
26/0041/FUL,https://exeter.gov.uk/planning-services/permissions-and-applications/related-documents/?appref=26%2F0041,2026-09-09,4,existing_drawing_other,Drawings and Plans,45636,ok
26/0041/FUL,https://exeter.gov.uk/planning-services/permissions-and-applications/related-documents/?appref=26%2F0041,2026-09-09,5,existing_drawing_other,Drawings and Plans,41135,ok
26/0041/FUL,https://exeter.gov.uk/planning-services/permissions-and-applications/related-documents/?appref=26%2F0041,2026-09-09,6,existing_drawing_other,Drawings and Plans,37727,ok
26/0041/FUL,https://exeter.gov.uk/planning-services/permissions-and-applications/related-documents/?appref=26%2F0041,2026-09-09,7,existing_drawing_other,Drawings and Plans,61022,ok
26/0041/FUL,https://exeter.gov.uk/planning-services/permissions-and-applications/related-documents/?appref=26%2F0041,2026-09-09,8,proposed_drawing_other,Drawings and Plans,861517,ok
26/0041/FUL,https://exeter.gov.uk/planning-services/permissions-and-applications/related-documents/?appref=26%2F0041,2026-09-09,9,proposed_drawing_other,Drawings and Plans,252534,ok
26/0041/FUL,https://exeter.gov.uk/planning-services/permissions-and-applications/related-documents/?appref=26%2F0041,2026-09-09,10,location_plan,Drawings and Plans,58046,ok
26/0041/FUL,https://exeter.gov.uk/planning-services/permissions-and-applications/related-documents/?appref=26%2F0041,2026-09-09,11,existing_drawing_other,Drawings and Plans,51553,ok
26/0041/FUL,https://exeter.gov.uk/planning-services/permissions-and-applications/related-documents/?appref=26%2F0041,2026-09-09,12,proposed_drawing_other,Drawings and Plans,213148,ok
26/0041/FUL,https://exeter.gov.uk/planning-services/permissions-and-applications/related-documents/?appref=26%2F0041,2026-09-09,13,proposed_drawing_other,Drawings and Plans,218773,ok
26/0041/FUL,https://exeter.gov.uk/planning-services/permissions-and-applications/related-documents/?appref=26%2F0041,2026-09-09,14,proposed_drawing_other,Drawings and Plans,212525,ok
26/0041/FUL,https://exeter.gov.uk/planning-services/permissions-and-applications/related-documents/?appref=26%2F0041,2026-09-09,15,proposed_drawing_other,Drawings and Plans,209221,ok
26/0041/FUL,https://exeter.gov.uk/planning-services/permissions-and-applications/related-documents/?appref=26%2F0041,2026-09-09,16,proposed_drawing_other,Drawings and Plans,862789,ok
26/0173/FUL,https://exeter.gov.uk/planning-services/permissions-and-applications/related-documents/?appref=26%2F0173,2026-09-09,1,proposed_elevation,Drawings and Plans,337625,ok
26/0173/FUL,https://exeter.gov.uk/planning-services/permissions-and-applications/related-documents/?appref=26%2F0173,2026-09-09,2,location_plan,Drawings and Plans,288686,ok
26/0173/FUL,https://exeter.gov.uk/planning-services/permissions-and-applications/related-documents/?appref=26%2F0173,2026-09-09,3,existing_floor_plan,Drawings and Plans,55247,ok
26/0173/FUL,https://exeter.gov.uk/planning-services/permissions-and-applications/related-documents/?appref=26%2F0173,2026-09-09,4,existing_elevation,Drawings and Plans,375533,ok
26/0173/FUL,https://exeter.gov.uk/planning-services/permissions-and-applications/related-documents/?appref=26%2F0173,2026-09-09,5,existing_elevation,Drawings and Plans,309146,ok
26/0173/FUL,https://exeter.gov.uk/planning-services/permissions-and-applications/related-documents/?appref=26%2F0173,2026-09-09,6,existing_roof_plan,Drawings and Plans,259128,ok
26/0173/FUL,https://exeter.gov.uk/planning-services/permissions-and-applications/related-documents/?appref=26%2F0173,2026-09-09,7,existing_block_plan,Drawings and Plans,302043,ok
26/0173/FUL,https://exeter.gov.uk/planning-services/permissions-and-applications/related-documents/?appref=26%2F0173,2026-09-09,8,proposed_roof_plan,Drawings and Plans,502864,ok
26/0173/FUL,https://exeter.gov.uk/planning-services/permissions-and-applications/related-documents/?appref=26%2F0173,2026-09-09,9,proposed_elevation,Drawings and Plans,374018,ok
26/0173/FUL,https://exeter.gov.uk/planning-services/permissions-and-applications/related-documents/?appref=26%2F0173,2026-09-09,10,existing_elevation,Drawings and Plans,291308,ok
26/0173/FUL,https://exeter.gov.uk/planning-services/permissions-and-applications/related-documents/?appref=26%2F0173,2026-09-09,11,proposed_floor_plan,Drawings and Plans,94979,ok
26/0173/FUL,https://exeter.gov.uk/planning-services/permissions-and-applications/related-documents/?appref=26%2F0173,2026-09-09,12,proposed_elevation,Drawings and Plans,587742,ok
26/0242/FUL,https://exeter.gov.uk/planning-services/permissions-and-applications/related-documents/?appref=26%2F0242,2026-09-09,1,existing_proposed_combined,Application Details,398398,ok
26/0242/FUL,https://exeter.gov.uk/planning-services/permissions-and-applications/related-documents/?appref=26%2F0242,2026-09-09,2,location_plan,Drawings and Plans,321898,ok
26/0242/FUL,https://exeter.gov.uk/planning-services/permissions-and-applications/related-documents/?appref=26%2F0242,2026-09-09,3,drawing_other,Drawings and Plans,578222,ok
26/0268/FUL,https://exeter.gov.uk/planning-services/permissions-and-applications/related-documents/?appref=26%2F0268,2026-09-09,1,existing_combined,Drawings and Plans,587672,ok
26/0268/FUL,https://exeter.gov.uk/planning-services/permissions-and-applications/related-documents/?appref=26%2F0268,2026-09-09,2,location_plan,Drawings and Plans,324949,ok
26/0268/FUL,https://exeter.gov.uk/planning-services/permissions-and-applications/related-documents/?appref=26%2F0268,2026-09-09,3,proposed_combined,Drawings and Plans,1263502,ok
26/0279/FUL,https://exeter.gov.uk/planning-services/permissions-and-applications/related-documents/?appref=26%2F0279,2026-09-09,1,existing_elevation,Drawings and Plans,292327,ok
26/0279/FUL,https://exeter.gov.uk/planning-services/permissions-and-applications/related-documents/?appref=26%2F0279,2026-09-09,2,existing_floor_plan,Drawings and Plans,313838,ok
26/0279/FUL,https://exeter.gov.uk/planning-services/permissions-and-applications/related-documents/?appref=26%2F0279,2026-09-09,3,existing_block_plan,Drawings and Plans,344602,ok
26/0279/FUL,https://exeter.gov.uk/planning-services/permissions-and-applications/related-documents/?appref=26%2F0279,2026-09-09,4,location_plan,Drawings and Plans,112274,ok
26/0279/FUL,https://exeter.gov.uk/planning-services/permissions-and-applications/related-documents/?appref=26%2F0279,2026-09-09,5,proposed_block_plan,Drawings and Plans,358513,ok
26/0279/FUL,https://exeter.gov.uk/planning-services/permissions-and-applications/related-documents/?appref=26%2F0279,2026-09-09,6,proposed_elevation,Drawings and Plans,327159,ok
26/0279/FUL,https://exeter.gov.uk/planning-services/permissions-and-applications/related-documents/?appref=26%2F0279,2026-09-09,7,proposed_floor_plan,Drawings and Plans,326528,ok
26/0285/FUL,https://exeter.gov.uk/planning-services/permissions-and-applications/related-documents/?appref=26%2F0285,2026-09-09,1,existing_floor_plan,Application Details,218865,ok
26/0285/FUL,https://exeter.gov.uk/planning-services/permissions-and-applications/related-documents/?appref=26%2F0285,2026-09-09,2,existing_site_plan,Application Details,1185619,ok
26/0285/FUL,https://exeter.gov.uk/planning-services/permissions-and-applications/related-documents/?appref=26%2F0285,2026-09-09,3,existing_elevation,Application Details,171724,ok
26/0285/FUL,https://exeter.gov.uk/planning-services/permissions-and-applications/related-documents/?appref=26%2F0285,2026-09-09,4,existing_elevation,Application Details,26208,ok
26/0285/FUL,https://exeter.gov.uk/planning-services/permissions-and-applications/related-documents/?appref=26%2F0285,2026-09-09,5,existing_elevation,Application Details,26045,ok
26/0285/FUL,https://exeter.gov.uk/planning-services/permissions-and-applications/related-documents/?appref=26%2F0285,2026-09-09,6,survey,Application Details,1296992,ok
26/0285/FUL,https://exeter.gov.uk/planning-services/permissions-and-applications/related-documents/?appref=26%2F0285,2026-09-09,7,survey,Application Details,1196581,ok
26/0285/FUL,https://exeter.gov.uk/planning-services/permissions-and-applications/related-documents/?appref=26%2F0285,2026-09-09,8,location_plan,Drawings and Plans,116925,ok
26/0285/FUL,https://exeter.gov.uk/planning-services/permissions-and-applications/related-documents/?appref=26%2F0285,2026-09-09,9,proposed_floor_plan,Drawings and Plans,399898,ok
26/0285/FUL,https://exeter.gov.uk/planning-services/permissions-and-applications/related-documents/?appref=26%2F0285,2026-09-09,10,proposed_floor_plan,Drawings and Plans,470352,ok
26/0285/FUL,https://exeter.gov.uk/planning-services/permissions-and-applications/related-documents/?appref=26%2F0285,2026-09-09,11,proposed_floor_plan,Drawings and Plans,243144,ok
26/0285/FUL,https://exeter.gov.uk/planning-services/permissions-and-applications/related-documents/?appref=26%2F0285,2026-09-09,12,proposed_elevation,Drawings and Plans,283143,ok
26/0285/FUL,https://exeter.gov.uk/planning-services/permissions-and-applications/related-documents/?appref=26%2F0285,2026-09-09,13,proposed_elevation,Drawings and Plans,232918,ok
26/0284/FUL,https://exeter.gov.uk/planning-services/permissions-and-applications/related-documents/?appref=26%2F0284,2026-09-09,1,existing_block_plan,Application Details,347157,ok
26/0284/FUL,https://exeter.gov.uk/planning-services/permissions-and-applications/related-documents/?appref=26%2F0284,2026-09-09,2,existing_elevation,Application Details,293087,ok
26/0284/FUL,https://exeter.gov.uk/planning-services/permissions-and-applications/related-documents/?appref=26%2F0284,2026-09-09,3,existing_floor_plan,Application Details,314495,ok
26/0284/FUL,https://exeter.gov.uk/planning-services/permissions-and-applications/related-documents/?appref=26%2F0284,2026-09-09,4,proposed_floor_plan,Application Details,323843,ok
26/0284/FUL,https://exeter.gov.uk/planning-services/permissions-and-applications/related-documents/?appref=26%2F0284,2026-09-09,5,proposed_elevation,Application Details,328531,ok
26/0284/FUL,https://exeter.gov.uk/planning-services/permissions-and-applications/related-documents/?appref=26%2F0284,2026-09-09,6,location_plan,Drawings and Plans,112500,ok
26/0284/FUL,https://exeter.gov.uk/planning-services/permissions-and-applications/related-documents/?appref=26%2F0284,2026-09-09,7,proposed_floor_plan,Drawings and Plans,327536,ok
26/0295/FUL,https://exeter.gov.uk/planning-services/permissions-and-applications/related-documents/?appref=26%2F0295,2026-09-09,1,existing_floor_plan,Application Details,71846,ok
26/0295/FUL,https://exeter.gov.uk/planning-services/permissions-and-applications/related-documents/?appref=26%2F0295,2026-09-09,2,existing_elevation,Application Details,74047,ok
26/0295/FUL,https://exeter.gov.uk/planning-services/permissions-and-applications/related-documents/?appref=26%2F0295,2026-09-09,3,proposed_floor_plan,Application Details,712435,ok
26/0295/FUL,https://exeter.gov.uk/planning-services/permissions-and-applications/related-documents/?appref=26%2F0295,2026-09-09,4,proposed_elevation,Application Details,80255,ok
26/0295/FUL,https://exeter.gov.uk/planning-services/permissions-and-applications/related-documents/?appref=26%2F0295,2026-09-09,5,proposed_block_plan,Application Details,58871,ok
26/0295/FUL,https://exeter.gov.uk/planning-services/permissions-and-applications/related-documents/?appref=26%2F0295,2026-09-09,6,location_plan,Drawings and Plans,139819,ok
26/0304/FUL,https://exeter.gov.uk/planning-services/permissions-and-applications/related-documents/?appref=26%2F0304,2026-09-09,1,existing_site_plan,Application Details,178022,ok
26/0304/FUL,https://exeter.gov.uk/planning-services/permissions-and-applications/related-documents/?appref=26%2F0304,2026-09-09,2,existing_floor_plan,Application Details,187139,ok
26/0304/FUL,https://exeter.gov.uk/planning-services/permissions-and-applications/related-documents/?appref=26%2F0304,2026-09-09,3,existing_floor_plan,Application Details,41817,ok
26/0304/FUL,https://exeter.gov.uk/planning-services/permissions-and-applications/related-documents/?appref=26%2F0304,2026-09-09,4,existing_elevation,Application Details,40439,ok
26/0304/FUL,https://exeter.gov.uk/planning-services/permissions-and-applications/related-documents/?appref=26%2F0304,2026-09-09,5,existing_combined,Application Details,32993,ok
26/0304/FUL,https://exeter.gov.uk/planning-services/permissions-and-applications/related-documents/?appref=26%2F0304,2026-09-09,6,location_plan,Drawings and Plans,278421,ok
26/0304/FUL,https://exeter.gov.uk/planning-services/permissions-and-applications/related-documents/?appref=26%2F0304,2026-09-09,7,details,Drawings and Plans,1496625,ok
26/0304/FUL,https://exeter.gov.uk/planning-services/permissions-and-applications/related-documents/?appref=26%2F0304,2026-09-09,8,drawing_other,Drawings and Plans,6192016,ok
26/0304/FUL,https://exeter.gov.uk/planning-services/permissions-and-applications/related-documents/?appref=26%2F0304,2026-09-09,9,existing_site_plan,Drawings and Plans,216313,ok
26/0304/FUL,https://exeter.gov.uk/planning-services/permissions-and-applications/related-documents/?appref=26%2F0304,2026-09-09,10,site_plan,Drawings and Plans,198680,ok
26/0304/FUL,https://exeter.gov.uk/planning-services/permissions-and-applications/related-documents/?appref=26%2F0304,2026-09-09,11,floor_plan,Drawings and Plans,192712,ok
26/0304/FUL,https://exeter.gov.uk/planning-services/permissions-and-applications/related-documents/?appref=26%2F0304,2026-09-09,12,floor_plan,Drawings and Plans,42807,ok
26/0304/FUL,https://exeter.gov.uk/planning-services/permissions-and-applications/related-documents/?appref=26%2F0304,2026-09-09,13,proposed_elevation,Drawings and Plans,2723532,ok
26/0304/FUL,https://exeter.gov.uk/planning-services/permissions-and-applications/related-documents/?appref=26%2F0304,2026-09-09,14,proposed_combined,Drawings and Plans,145138,ok
26/0325/FUL,https://exeter.gov.uk/planning-services/permissions-and-applications/related-documents/?appref=26%2F0325,2026-09-09,1,existing_floor_plan,Application Details,83635,ok
26/0325/FUL,https://exeter.gov.uk/planning-services/permissions-and-applications/related-documents/?appref=26%2F0325,2026-09-09,2,block_plan,Application Details,58043,ok
26/0325/FUL,https://exeter.gov.uk/planning-services/permissions-and-applications/related-documents/?appref=26%2F0325,2026-09-09,3,existing_site_plan,Application Details,57180,ok
26/0325/FUL,https://exeter.gov.uk/planning-services/permissions-and-applications/related-documents/?appref=26%2F0325,2026-09-09,4,existing_elevation,Application Details,2434561,ok
26/0325/FUL,https://exeter.gov.uk/planning-services/permissions-and-applications/related-documents/?appref=26%2F0325,2026-09-09,5,existing_elevation,Application Details,1880674,ok
26/0325/FUL,https://exeter.gov.uk/planning-services/permissions-and-applications/related-documents/?appref=26%2F0325,2026-09-09,6,existing_floor_plan,Application Details,73972,ok
26/0325/FUL,https://exeter.gov.uk/planning-services/permissions-and-applications/related-documents/?appref=26%2F0325,2026-09-09,7,proposed_site_plan,Application Details,66489,ok
26/0325/FUL,https://exeter.gov.uk/planning-services/permissions-and-applications/related-documents/?appref=26%2F0325,2026-09-09,8,floor_plan,Application Details,105316,ok
26/0325/FUL,https://exeter.gov.uk/planning-services/permissions-and-applications/related-documents/?appref=26%2F0325,2026-09-09,9,floor_plan,Application Details,83404,ok
26/0325/FUL,https://exeter.gov.uk/planning-services/permissions-and-applications/related-documents/?appref=26%2F0325,2026-09-09,10,elevation,Application Details,743895,ok
26/0325/FUL,https://exeter.gov.uk/planning-services/permissions-and-applications/related-documents/?appref=26%2F0325,2026-09-09,11,elevation,Application Details,1131122,ok
26/0325/FUL,https://exeter.gov.uk/planning-services/permissions-and-applications/related-documents/?appref=26%2F0325,2026-09-09,12,section,Application Details,240641,ok
26/0325/FUL,https://exeter.gov.uk/planning-services/permissions-and-applications/related-documents/?appref=26%2F0325,2026-09-09,13,location_plan,Drawings and Plans,67506,ok
26/0325/FUL,https://exeter.gov.uk/planning-services/permissions-and-applications/related-documents/?appref=26%2F0325,2026-09-09,14,location_plan,Drawings and Plans,67507,ok
26/0329/FUL,https://exeter.gov.uk/planning-services/permissions-and-applications/related-documents/?appref=26%2F0329,2026-09-09,1,floor_plan,Application Details,798135,ok
26/0329/FUL,https://exeter.gov.uk/planning-services/permissions-and-applications/related-documents/?appref=26%2F0329,2026-09-09,2,existing_floor_plan,Drawings and Plans,393090,ok
26/0329/FUL,https://exeter.gov.uk/planning-services/permissions-and-applications/related-documents/?appref=26%2F0329,2026-09-09,3,location_plan,Drawings and Plans,520968,ok
26/0329/FUL,https://exeter.gov.uk/planning-services/permissions-and-applications/related-documents/?appref=26%2F0329,2026-09-09,4,existing_floor_plan,Drawings and Plans,36739,ok
26/0329/FUL,https://exeter.gov.uk/planning-services/permissions-and-applications/related-documents/?appref=26%2F0329,2026-09-09,5,existing_elevation,Drawings and Plans,29330,ok
26/0329/FUL,https://exeter.gov.uk/planning-services/permissions-and-applications/related-documents/?appref=26%2F0329,2026-09-09,6,proposed_floor_plan,Drawings and Plans,55348,ok
26/0329/FUL,https://exeter.gov.uk/planning-services/permissions-and-applications/related-documents/?appref=26%2F0329,2026-09-09,7,proposed_elevation,Drawings and Plans,33857,ok
26/0329/FUL,https://exeter.gov.uk/planning-services/permissions-and-applications/related-documents/?appref=26%2F0329,2026-09-09,8,existing_site_plan,Drawings and Plans,30829,ok
26/0329/FUL,https://exeter.gov.uk/planning-services/permissions-and-applications/related-documents/?appref=26%2F0329,2026-09-09,9,proposed_site_plan,Drawings and Plans,30482,ok
26/0335/FUL,https://exeter.gov.uk/planning-services/permissions-and-applications/related-documents/?appref=26%2F0335,2026-09-09,1,location_plan,Drawings and Plans,293280,ok
26/0335/FUL,https://exeter.gov.uk/planning-services/permissions-and-applications/related-documents/?appref=26%2F0335,2026-09-09,2,existing_drawing_other,Drawings and Plans,1898000,ok
26/0335/FUL,https://exeter.gov.uk/planning-services/permissions-and-applications/related-documents/?appref=26%2F0335,2026-09-09,3,proposed_elevation,Drawings and Plans,1982832,ok
26/0343/FUL,https://exeter.gov.uk/planning-services/permissions-and-applications/related-documents/?appref=26%2F0343,2026-09-09,1,location_plan,Drawings and Plans,34364,ok
26/0343/FUL,https://exeter.gov.uk/planning-services/permissions-and-applications/related-documents/?appref=26%2F0343,2026-09-09,2,proposed_drawing_other,Drawings and Plans,917261,ok
26/0343/FUL,https://exeter.gov.uk/planning-services/permissions-and-applications/related-documents/?appref=26%2F0343,2026-09-09,3,existing_floor_plan,Drawings and Plans,161065,ok
26/0551/FUL,https://exeter.gov.uk/planning-services/permissions-and-applications/related-documents/?appref=26%2F0551,2026-09-09,1,existing_combined,Drawings and Plans,3384340,ok
26/0551/FUL,https://exeter.gov.uk/planning-services/permissions-and-applications/related-documents/?appref=26%2F0551,2026-09-09,2,location_plan,Drawings and Plans,246974,ok
26/0551/FUL,https://exeter.gov.uk/planning-services/permissions-and-applications/related-documents/?appref=26%2F0551,2026-09-09,3,proposed_combined,Drawings and Plans,3395138,ok
26/0551/FUL,https://exeter.gov.uk/planning-services/permissions-and-applications/related-documents/?appref=26%2F0551,2026-09-09,4,proposed_site_plan,Drawings and Plans,995658,ok
26/0581/FUL,https://exeter.gov.uk/planning-services/permissions-and-applications/related-documents/?appref=26%2F0581,2026-09-09,1,existing_block_plan,Drawings and Plans,3119008,ok
26/0581/FUL,https://exeter.gov.uk/planning-services/permissions-and-applications/related-documents/?appref=26%2F0581,2026-09-09,2,location_plan,Drawings and Plans,3293615,ok
26/0581/FUL,https://exeter.gov.uk/planning-services/permissions-and-applications/related-documents/?appref=26%2F0581,2026-09-09,3,existing_roof_plan,Drawings and Plans,476156,ok
26/0581/FUL,https://exeter.gov.uk/planning-services/permissions-and-applications/related-documents/?appref=26%2F0581,2026-09-09,4,existing_elevation,Drawings and Plans,198320,ok
26/0581/FUL,https://exeter.gov.uk/planning-services/permissions-and-applications/related-documents/?appref=26%2F0581,2026-09-09,5,proposed_elevation,Drawings and Plans,294771,ok
26/0581/FUL,https://exeter.gov.uk/planning-services/permissions-and-applications/related-documents/?appref=26%2F0581,2026-09-09,6,drawing_other,Drawings and Plans,1221185,ok
26/0581/FUL,https://exeter.gov.uk/planning-services/permissions-and-applications/related-documents/?appref=26%2F0581,2026-09-09,7,proposed_block_plan,Drawings and Plans,2995795,ok
26/0581/FUL,https://exeter.gov.uk/planning-services/permissions-and-applications/related-documents/?appref=26%2F0581,2026-09-09,8,proposed_roof_plan,Drawings and Plans,426361,ok
26/0587/FUL,https://exeter.gov.uk/planning-services/permissions-and-applications/related-documents/?appref=26%2F0587,2026-09-09,1,existing_floor_plan,Application Details,118107,ok
26/0587/FUL,https://exeter.gov.uk/planning-services/permissions-and-applications/related-documents/?appref=26%2F0587,2026-09-09,2,proposed_floor_plan,Drawings and Plans,170816,ok
26/0587/FUL,https://exeter.gov.uk/planning-services/permissions-and-applications/related-documents/?appref=26%2F0587,2026-09-09,3,proposed_combined,Drawings and Plans,116226,ok
26/0587/FUL,https://exeter.gov.uk/planning-services/permissions-and-applications/related-documents/?appref=26%2F0587,2026-09-09,4,elevation,Drawings and Plans,139777,ok
26/0587/FUL,https://exeter.gov.uk/planning-services/permissions-and-applications/related-documents/?appref=26%2F0587,2026-09-09,5,proposed_block_plan,Drawings and Plans,92699,ok
26/0587/FUL,https://exeter.gov.uk/planning-services/permissions-and-applications/related-documents/?appref=26%2F0587,2026-09-09,6,location_plan,Drawings and Plans,132859,ok
26/0603/FUL,https://exeter.gov.uk/planning-services/permissions-and-applications/related-documents/?appref=26%2F0603,2026-09-09,1,location_plan,Drawings and Plans,268781,ok
26/0603/FUL,https://exeter.gov.uk/planning-services/permissions-and-applications/related-documents/?appref=26%2F0603,2026-09-09,2,existing_site_plan,Drawings and Plans,662934,ok
26/0603/FUL,https://exeter.gov.uk/planning-services/permissions-and-applications/related-documents/?appref=26%2F0603,2026-09-09,3,existing_elevation,Drawings and Plans,124400,ok
26/0603/FUL,https://exeter.gov.uk/planning-services/permissions-and-applications/related-documents/?appref=26%2F0603,2026-09-09,4,proposed_site_plan,Drawings and Plans,650594,ok
26/0603/FUL,https://exeter.gov.uk/planning-services/permissions-and-applications/related-documents/?appref=26%2F0603,2026-09-09,5,proposed_elevation,Drawings and Plans,158488,ok
26/0607/FUL,https://exeter.gov.uk/planning-services/permissions-and-applications/related-documents/?appref=26%2F0607,2026-09-09,1,proposed_roof_plan,Drawings and Plans,87052,ok
26/0607/FUL,https://exeter.gov.uk/planning-services/permissions-and-applications/related-documents/?appref=26%2F0607,2026-09-09,2,proposed_elevation,Drawings and Plans,81072,ok
26/0607/FUL,https://exeter.gov.uk/planning-services/permissions-and-applications/related-documents/?appref=26%2F0607,2026-09-09,3,location_plan,Drawings and Plans,68117,ok
26/0607/FUL,https://exeter.gov.uk/planning-services/permissions-and-applications/related-documents/?appref=26%2F0607,2026-09-09,4,existing_floor_plan,Drawings and Plans,107062,ok
26/0607/FUL,https://exeter.gov.uk/planning-services/permissions-and-applications/related-documents/?appref=26%2F0607,2026-09-09,5,existing_elevation,Drawings and Plans,78799,ok
26/0607/FUL,https://exeter.gov.uk/planning-services/permissions-and-applications/related-documents/?appref=26%2F0607,2026-09-09,6,existing_site_plan,Drawings and Plans,75032,ok
26/0607/FUL,https://exeter.gov.uk/planning-services/permissions-and-applications/related-documents/?appref=26%2F0607,2026-09-09,7,proposed_site_plan,Drawings and Plans,75103,ok
26/0607/FUL,https://exeter.gov.uk/planning-services/permissions-and-applications/related-documents/?appref=26%2F0607,2026-09-09,8,proposed_floor_plan,Drawings and Plans,121885,ok
26/0626/FUL,https://exeter.gov.uk/planning-services/permissions-and-applications/related-documents/?appref=26%2F0626,2026-09-09,1,location_plan,Drawings and Plans,173205,ok
26/0626/FUL,https://exeter.gov.uk/planning-services/permissions-and-applications/related-documents/?appref=26%2F0626,2026-09-09,2,existing_floor_plan,Drawings and Plans,533543,ok
26/0626/FUL,https://exeter.gov.uk/planning-services/permissions-and-applications/related-documents/?appref=26%2F0626,2026-09-09,3,proposed_floor_plan,Drawings and Plans,605021,ok
26/0626/FUL,https://exeter.gov.uk/planning-services/permissions-and-applications/related-documents/?appref=26%2F0626,2026-09-09,4,proposed_elevation,Drawings and Plans,1622264,ok
26/0626/FUL,https://exeter.gov.uk/planning-services/permissions-and-applications/related-documents/?appref=26%2F0626,2026-09-09,5,proposed_roof_plan,Drawings and Plans,118971,ok
26/0626/FUL,https://exeter.gov.uk/planning-services/permissions-and-applications/related-documents/?appref=26%2F0626,2026-09-09,6,existing_elevation,Drawings and Plans,309012,ok
26/0640/FUL,https://exeter.gov.uk/planning-services/permissions-and-applications/related-documents/?appref=26%2F0640,2026-09-09,1,location_plan,Drawings and Plans,989499,ok
26/0640/FUL,https://exeter.gov.uk/planning-services/permissions-and-applications/related-documents/?appref=26%2F0640,2026-09-09,2,existing_proposed_combined,Drawings and Plans,175133,ok
26/0654/FUL,https://exeter.gov.uk/planning-services/permissions-and-applications/related-documents/?appref=26%2F0654,2026-09-09,1,existing_combined,Application Details,627989,ok
26/0654/FUL,https://exeter.gov.uk/planning-services/permissions-and-applications/related-documents/?appref=26%2F0654,2026-09-09,2,existing_combined,Application Details,199233,ok
26/0654/FUL,https://exeter.gov.uk/planning-services/permissions-and-applications/related-documents/?appref=26%2F0654,2026-09-09,3,location_plan,Drawings and Plans,56451,ok
26/0673/FUL,https://exeter.gov.uk/planning-services/permissions-and-applications/related-documents/?appref=26%2F0673,2026-09-09,1,drawing_other,Drawings and Plans,1539816,ok
26/0673/FUL,https://exeter.gov.uk/planning-services/permissions-and-applications/related-documents/?appref=26%2F0673,2026-09-09,2,location_plan,Drawings and Plans,399492,ok
26/0673/FUL,https://exeter.gov.uk/planning-services/permissions-and-applications/related-documents/?appref=26%2F0673,2026-09-09,3,proposed_site_plan,Drawings and Plans,84389,ok
26/0673/FUL,https://exeter.gov.uk/planning-services/permissions-and-applications/related-documents/?appref=26%2F0673,2026-09-09,4,proposed_floor_plan,Drawings and Plans,224530,ok
26/0673/FUL,https://exeter.gov.uk/planning-services/permissions-and-applications/related-documents/?appref=26%2F0673,2026-09-09,5,proposed_drawing_other,Drawings and Plans,125584,ok
26/0700/FUL,https://exeter.gov.uk/planning-services/permissions-and-applications/related-documents/?appref=26%2F0700,2026-09-09,1,floor_plan,Drawings and Plans,62646,ok
26/0700/FUL,https://exeter.gov.uk/planning-services/permissions-and-applications/related-documents/?appref=26%2F0700,2026-09-09,2,section,Drawings and Plans,852742,ok
26/0700/FUL,https://exeter.gov.uk/planning-services/permissions-and-applications/related-documents/?appref=26%2F0700,2026-09-09,3,elevation,Drawings and Plans,614301,ok
26/0700/FUL,https://exeter.gov.uk/planning-services/permissions-and-applications/related-documents/?appref=26%2F0700,2026-09-09,4,elevation,Drawings and Plans,1010918,ok
26/0700/FUL,https://exeter.gov.uk/planning-services/permissions-and-applications/related-documents/?appref=26%2F0700,2026-09-09,5,elevation,Drawings and Plans,428228,ok
26/0700/FUL,https://exeter.gov.uk/planning-services/permissions-and-applications/related-documents/?appref=26%2F0700,2026-09-09,6,elevation,Drawings and Plans,2809135,ok
26/0700/FUL,https://exeter.gov.uk/planning-services/permissions-and-applications/related-documents/?appref=26%2F0700,2026-09-09,7,elevation,Drawings and Plans,635137,ok
26/0700/FUL,https://exeter.gov.uk/planning-services/permissions-and-applications/related-documents/?appref=26%2F0700,2026-09-09,8,location_plan,Drawings and Plans,55088,ok
26/0700/FUL,https://exeter.gov.uk/planning-services/permissions-and-applications/related-documents/?appref=26%2F0700,2026-09-09,9,site_plan,Drawings and Plans,445784,ok
26/0700/FUL,https://exeter.gov.uk/planning-services/permissions-and-applications/related-documents/?appref=26%2F0700,2026-09-09,10,elevation,Drawings and Plans,3740686,ok
26/0700/FUL,https://exeter.gov.uk/planning-services/permissions-and-applications/related-documents/?appref=26%2F0700,2026-09-09,11,floor_plan,Drawings and Plans,100704,ok
26/0710/FUL,https://exeter.gov.uk/planning-services/permissions-and-applications/related-documents/?appref=26%2F0710,2026-09-09,1,existing_elevation,Application Details,2994656,ok
26/0710/FUL,https://exeter.gov.uk/planning-services/permissions-and-applications/related-documents/?appref=26%2F0710,2026-09-09,2,proposed_block_plan,Application Details,4499628,ok
26/0710/FUL,https://exeter.gov.uk/planning-services/permissions-and-applications/related-documents/?appref=26%2F0710,2026-09-09,3,existing_block_plan,Application Details,4547226,ok
26/0710/FUL,https://exeter.gov.uk/planning-services/permissions-and-applications/related-documents/?appref=26%2F0710,2026-09-09,4,proposed_elevation,Application Details,3702892,ok
26/0710/FUL,https://exeter.gov.uk/planning-services/permissions-and-applications/related-documents/?appref=26%2F0710,2026-09-09,5,existing_roof_plan,Application Details,13079204,ok
26/0710/FUL,https://exeter.gov.uk/planning-services/permissions-and-applications/related-documents/?appref=26%2F0710,2026-09-09,6,location_plan,Drawings and Plans,2968031,ok
26/0710/FUL,https://exeter.gov.uk/planning-services/permissions-and-applications/related-documents/?appref=26%2F0710,2026-09-09,7,proposed_roof_plan,Drawings and Plans,13842170,ok
26/0709/FUL,https://exeter.gov.uk/planning-services/permissions-and-applications/related-documents/?appref=26%2F0709,2026-09-09,1,location_plan,Drawings and Plans,102761,ok
26/0709/FUL,https://exeter.gov.uk/planning-services/permissions-and-applications/related-documents/?appref=26%2F0709,2026-09-09,2,existing_proposed_site_plan,Drawings and Plans,217649,ok
26/0709/FUL,https://exeter.gov.uk/planning-services/permissions-and-applications/related-documents/?appref=26%2F0709,2026-09-09,3,proposed_combined,Drawings and Plans,1991194,ok
26/0709/FUL,https://exeter.gov.uk/planning-services/permissions-and-applications/related-documents/?appref=26%2F0709,2026-09-09,4,existing_combined,Drawings and Plans,3322336,ok
26/0780/FUL,https://exeter.gov.uk/planning-services/permissions-and-applications/related-documents/?appref=26%2F0780,2026-09-09,1,existing_floor_plan,Drawings and Plans,454843,ok
26/0780/FUL,https://exeter.gov.uk/planning-services/permissions-and-applications/related-documents/?appref=26%2F0780,2026-09-09,2,existing_elevation,Drawings and Plans,326533,ok
26/0780/FUL,https://exeter.gov.uk/planning-services/permissions-and-applications/related-documents/?appref=26%2F0780,2026-09-09,3,drawing_other,Drawings and Plans,138756,ok
26/0780/FUL,https://exeter.gov.uk/planning-services/permissions-and-applications/related-documents/?appref=26%2F0780,2026-09-09,4,drawing_other,Drawings and Plans,589874,ok
26/0780/FUL,https://exeter.gov.uk/planning-services/permissions-and-applications/related-documents/?appref=26%2F0780,2026-09-09,5,drawing_other,Drawings and Plans,1685706,ok
26/0792/FUL,https://exeter.gov.uk/planning-services/permissions-and-applications/related-documents/?appref=26%2F0792,2026-09-09,1,location_plan,Drawings and Plans,689706,ok
26/0792/FUL,https://exeter.gov.uk/planning-services/permissions-and-applications/related-documents/?appref=26%2F0792,2026-09-09,2,existing_floor_plan,Drawings and Plans,332667,ok
26/0792/FUL,https://exeter.gov.uk/planning-services/permissions-and-applications/related-documents/?appref=26%2F0792,2026-09-09,3,proposed_floor_plan,Drawings and Plans,332545,ok
26/0804/FUL,https://exeter.gov.uk/planning-services/permissions-and-applications/related-documents/?appref=26%2F0804,2026-09-09,1,proposed_roof_plan,Drawings and Plans,100880,ok
26/0804/FUL,https://exeter.gov.uk/planning-services/permissions-and-applications/related-documents/?appref=26%2F0804,2026-09-09,2,existing_proposed_block_plan,Drawings and Plans,103056,ok
26/0804/FUL,https://exeter.gov.uk/planning-services/permissions-and-applications/related-documents/?appref=26%2F0804,2026-09-09,3,location_plan,Drawings and Plans,275816,ok
26/0804/FUL,https://exeter.gov.uk/planning-services/permissions-and-applications/related-documents/?appref=26%2F0804,2026-09-09,4,existing_site_plan,Drawings and Plans,110091,ok
26/0804/FUL,https://exeter.gov.uk/planning-services/permissions-and-applications/related-documents/?appref=26%2F0804,2026-09-09,5,existing_floor_plan,Drawings and Plans,81447,ok
26/0804/FUL,https://exeter.gov.uk/planning-services/permissions-and-applications/related-documents/?appref=26%2F0804,2026-09-09,6,existing_elevation,Drawings and Plans,121578,ok
26/0804/FUL,https://exeter.gov.uk/planning-services/permissions-and-applications/related-documents/?appref=26%2F0804,2026-09-09,7,proposed_floor_plan,Drawings and Plans,160979,ok
26/0804/FUL,https://exeter.gov.uk/planning-services/permissions-and-applications/related-documents/?appref=26%2F0804,2026-09-09,8,proposed_elevation,Drawings and Plans,533203,ok
26/0810/FUL,https://exeter.gov.uk/planning-services/permissions-and-applications/related-documents/?appref=26%2F0810,2026-09-09,1,location_plan,Drawings and Plans,147423,ok
26/0810/FUL,https://exeter.gov.uk/planning-services/permissions-and-applications/related-documents/?appref=26%2F0810,2026-09-09,2,site_plan,Drawings and Plans,155328,ok
26/0810/FUL,https://exeter.gov.uk/planning-services/permissions-and-applications/related-documents/?appref=26%2F0810,2026-09-09,3,drawing_other,Drawings and Plans,76576,ok
26/0810/FUL,https://exeter.gov.uk/planning-services/permissions-and-applications/related-documents/?appref=26%2F0810,2026-09-09,4,combined,Drawings and Plans,129035,ok
26/0810/FUL,https://exeter.gov.uk/planning-services/permissions-and-applications/related-documents/?appref=26%2F0810,2026-09-09,5,floor_plan,Drawings and Plans,183323,ok
26/0832/FUL,https://exeter.gov.uk/planning-services/permissions-and-applications/related-documents/?appref=26%2F0832,2026-09-09,1,location_plan,Drawings and Plans,560971,ok
26/0832/FUL,https://exeter.gov.uk/planning-services/permissions-and-applications/related-documents/?appref=26%2F0832,2026-09-09,2,block_plan,Drawings and Plans,226503,ok
26/0832/FUL,https://exeter.gov.uk/planning-services/permissions-and-applications/related-documents/?appref=26%2F0832,2026-09-09,3,proposed_block_plan,Drawings and Plans,242330,ok
26/0832/FUL,https://exeter.gov.uk/planning-services/permissions-and-applications/related-documents/?appref=26%2F0832,2026-09-09,4,existing_combined,Drawings and Plans,2917306,ok
26/0832/FUL,https://exeter.gov.uk/planning-services/permissions-and-applications/related-documents/?appref=26%2F0832,2026-09-09,5,proposed_combined,Drawings and Plans,2953364,ok
26/0983/FUL,https://exeter.gov.uk/planning-services/permissions-and-applications/related-documents/?appref=26%2F0983,2026-09-09,1,existing_proposed_site_plan,Application Details,170992,ok
26/0983/FUL,https://exeter.gov.uk/planning-services/permissions-and-applications/related-documents/?appref=26%2F0983,2026-09-09,2,existing_floor_plan,Application Details,187889,ok
26/0983/FUL,https://exeter.gov.uk/planning-services/permissions-and-applications/related-documents/?appref=26%2F0983,2026-09-09,3,existing_elevation,Application Details,209959,ok
26/0983/FUL,https://exeter.gov.uk/planning-services/permissions-and-applications/related-documents/?appref=26%2F0983,2026-09-09,4,location_plan,Drawings and Plans,137800,ok
26/0983/FUL,https://exeter.gov.uk/planning-services/permissions-and-applications/related-documents/?appref=26%2F0983,2026-09-09,5,proposed_floor_plan,Drawings and Plans,204819,ok
26/0983/FUL,https://exeter.gov.uk/planning-services/permissions-and-applications/related-documents/?appref=26%2F0983,2026-09-09,6,proposed_elevation,Drawings and Plans,213867,ok
26/0994/FUL,https://exeter.gov.uk/planning-services/permissions-and-applications/related-documents/?appref=26%2F0994,2026-09-09,1,proposed_section,Application Details,40809,ok
26/0994/FUL,https://exeter.gov.uk/planning-services/permissions-and-applications/related-documents/?appref=26%2F0994,2026-09-09,2,survey,Application Details,38563,ok
26/0994/FUL,https://exeter.gov.uk/planning-services/permissions-and-applications/related-documents/?appref=26%2F0994,2026-09-09,3,details,Application Details,100138,ok
26/0994/FUL,https://exeter.gov.uk/planning-services/permissions-and-applications/related-documents/?appref=26%2F0994,2026-09-09,4,existing_floor_plan,Application Details,61865,ok
26/0994/FUL,https://exeter.gov.uk/planning-services/permissions-and-applications/related-documents/?appref=26%2F0994,2026-09-09,5,existing_roof_plan,Application Details,49046,ok
26/0994/FUL,https://exeter.gov.uk/planning-services/permissions-and-applications/related-documents/?appref=26%2F0994,2026-09-09,6,existing_elevation,Application Details,41980,ok
26/0994/FUL,https://exeter.gov.uk/planning-services/permissions-and-applications/related-documents/?appref=26%2F0994,2026-09-09,7,existing_section,Application Details,37253,ok
26/0994/FUL,https://exeter.gov.uk/planning-services/permissions-and-applications/related-documents/?appref=26%2F0994,2026-09-09,8,existing_section,Application Details,37586,ok
26/0994/FUL,https://exeter.gov.uk/planning-services/permissions-and-applications/related-documents/?appref=26%2F0994,2026-09-09,9,section,Application Details,44289,ok
26/0994/FUL,https://exeter.gov.uk/planning-services/permissions-and-applications/related-documents/?appref=26%2F0994,2026-09-09,10,section,Application Details,43395,ok
26/0994/FUL,https://exeter.gov.uk/planning-services/permissions-and-applications/related-documents/?appref=26%2F0994,2026-09-09,11,existing_proposed_block_plan,Application Details,1981888,ok
26/0994/FUL,https://exeter.gov.uk/planning-services/permissions-and-applications/related-documents/?appref=26%2F0994,2026-09-09,12,existing_section,Application Details,36672,ok
26/0994/FUL,https://exeter.gov.uk/planning-services/permissions-and-applications/related-documents/?appref=26%2F0994,2026-09-09,13,proposed_floor_plan,Application Details,70171,ok
26/0994/FUL,https://exeter.gov.uk/planning-services/permissions-and-applications/related-documents/?appref=26%2F0994,2026-09-09,14,proposed_roof_plan,Application Details,44675,ok
26/0994/FUL,https://exeter.gov.uk/planning-services/permissions-and-applications/related-documents/?appref=26%2F0994,2026-09-09,15,proposed_elevation,Application Details,43519,ok
26/0994/FUL,https://exeter.gov.uk/planning-services/permissions-and-applications/related-documents/?appref=26%2F0994,2026-09-09,16,floor_plan,Application Details,60859,ok
26/0994/FUL,https://exeter.gov.uk/planning-services/permissions-and-applications/related-documents/?appref=26%2F0994,2026-09-09,17,floor_plan,Application Details,66112,ok
26/0994/FUL,https://exeter.gov.uk/planning-services/permissions-and-applications/related-documents/?appref=26%2F0994,2026-09-09,18,section,Application Details,42728,ok
26/0994/FUL,https://exeter.gov.uk/planning-services/permissions-and-applications/related-documents/?appref=26%2F0994,2026-09-09,19,location_plan,Drawings and Plans,488254,ok
26/0997/FUL,https://exeter.gov.uk/planning-services/permissions-and-applications/related-documents/?appref=26%2F0997,2026-09-09,1,site_plan,Drawings and Plans,131221,ok
26/0997/FUL,https://exeter.gov.uk/planning-services/permissions-and-applications/related-documents/?appref=26%2F0997,2026-09-09,2,existing_floor_plan,Drawings and Plans,367867,ok
26/0997/FUL,https://exeter.gov.uk/planning-services/permissions-and-applications/related-documents/?appref=26%2F0997,2026-09-09,3,existing_elevation,Drawings and Plans,404518,ok
26/0997/FUL,https://exeter.gov.uk/planning-services/permissions-and-applications/related-documents/?appref=26%2F0997,2026-09-09,4,proposed_floor_plan,Drawings and Plans,425936,ok
26/0997/FUL,https://exeter.gov.uk/planning-services/permissions-and-applications/related-documents/?appref=26%2F0997,2026-09-09,5,proposed_elevation,Drawings and Plans,1226475,ok
26/0999/FUL,https://exeter.gov.uk/planning-services/permissions-and-applications/related-documents/?appref=26%2F0999,2026-09-09,1,location_plan,Drawings and Plans,275660,ok
26/0999/FUL,https://exeter.gov.uk/planning-services/permissions-and-applications/related-documents/?appref=26%2F0999,2026-09-09,2,location_plan,Drawings and Plans,639350,ok
26/0999/FUL,https://exeter.gov.uk/planning-services/permissions-and-applications/related-documents/?appref=26%2F0999,2026-09-09,3,floor_plan,Drawings and Plans,196439,ok
26/0999/FUL,https://exeter.gov.uk/planning-services/permissions-and-applications/related-documents/?appref=26%2F0999,2026-09-09,4,block_plan,Drawings and Plans,177481,ok
26/0999/FUL,https://exeter.gov.uk/planning-services/permissions-and-applications/related-documents/?appref=26%2F0999,2026-09-09,5,elevation,Drawings and Plans,552979,ok
26/1018/FUL,https://exeter.gov.uk/planning-services/permissions-and-applications/related-documents/?appref=26%2F1018,2026-09-09,1,location_plan,Drawings and Plans,212891,ok
26/1018/FUL,https://exeter.gov.uk/planning-services/permissions-and-applications/related-documents/?appref=26%2F1018,2026-09-09,2,floor_plan,Drawings and Plans,59541,ok
26/1018/FUL,https://exeter.gov.uk/planning-services/permissions-and-applications/related-documents/?appref=26%2F1018,2026-09-09,3,existing_elevation,Drawings and Plans,173918,ok
26/1018/FUL,https://exeter.gov.uk/planning-services/permissions-and-applications/related-documents/?appref=26%2F1018,2026-09-09,4,floor_plan,Drawings and Plans,44645,ok
26/1018/FUL,https://exeter.gov.uk/planning-services/permissions-and-applications/related-documents/?appref=26%2F1018,2026-09-09,5,block_plan,Drawings and Plans,55718,ok
26/1018/FUL,https://exeter.gov.uk/planning-services/permissions-and-applications/related-documents/?appref=26%2F1018,2026-09-09,6,proposed_elevation,Drawings and Plans,200061,ok
26/1183/FUL,https://exeter.gov.uk/planning-services/permissions-and-applications/related-documents/?appref=26%2F1183,2026-09-09,1,existing_block_plan,Application Details,101941,ok
26/1183/FUL,https://exeter.gov.uk/planning-services/permissions-and-applications/related-documents/?appref=26%2F1183,2026-09-09,2,existing_floor_plan,Application Details,141325,ok
26/1183/FUL,https://exeter.gov.uk/planning-services/permissions-and-applications/related-documents/?appref=26%2F1183,2026-09-09,3,existing_floor_plan,Application Details,102533,ok
26/1183/FUL,https://exeter.gov.uk/planning-services/permissions-and-applications/related-documents/?appref=26%2F1183,2026-09-09,4,existing_elevation,Application Details,181009,ok
26/1183/FUL,https://exeter.gov.uk/planning-services/permissions-and-applications/related-documents/?appref=26%2F1183,2026-09-09,5,proposed_floor_plan,Application Details,153669,ok
26/1183/FUL,https://exeter.gov.uk/planning-services/permissions-and-applications/related-documents/?appref=26%2F1183,2026-09-09,6,proposed_elevation,Application Details,5855522,ok
26/1183/FUL,https://exeter.gov.uk/planning-services/permissions-and-applications/related-documents/?appref=26%2F1183,2026-09-09,7,proposed_section,Application Details,255872,ok
26/1183/FUL,https://exeter.gov.uk/planning-services/permissions-and-applications/related-documents/?appref=26%2F1183,2026-09-09,8,drawing_other,Application Details,880908,ok
26/1183/FUL,https://exeter.gov.uk/planning-services/permissions-and-applications/related-documents/?appref=26%2F1183,2026-09-09,9,proposed_roof_plan,Application Details,129010,ok
26/1183/FUL,https://exeter.gov.uk/planning-services/permissions-and-applications/related-documents/?appref=26%2F1183,2026-09-09,10,drawing_other,Application Details,5633957,ok
26/1183/FUL,https://exeter.gov.uk/planning-services/permissions-and-applications/related-documents/?appref=26%2F1183,2026-09-09,11,location_plan,Drawings and Plans,1121382,ok
26/1193/FUL,https://exeter.gov.uk/planning-services/permissions-and-applications/related-documents/?appref=26%2F1193,2026-09-09,1,location_plan,Drawings and Plans,131338,ok
26/1193/FUL,https://exeter.gov.uk/planning-services/permissions-and-applications/related-documents/?appref=26%2F1193,2026-09-09,2,site_plan,Drawings and Plans,138988,ok
26/1193/FUL,https://exeter.gov.uk/planning-services/permissions-and-applications/related-documents/?appref=26%2F1193,2026-09-09,3,floor_plan,Drawings and Plans,122685,ok
26/1193/FUL,https://exeter.gov.uk/planning-services/permissions-and-applications/related-documents/?appref=26%2F1193,2026-09-09,4,floor_plan,Drawings and Plans,172249,ok
26/1193/FUL,https://exeter.gov.uk/planning-services/permissions-and-applications/related-documents/?appref=26%2F1193,2026-09-09,5,drawing_other,Drawings and Plans,116655,ok
26/1193/FUL,https://exeter.gov.uk/planning-services/permissions-and-applications/related-documents/?appref=26%2F1193,2026-09-09,6,drawing_other,Drawings and Plans,163213,ok
26/1207/FUL,https://exeter.gov.uk/planning-services/permissions-and-applications/related-documents/?appref=26%2F1207,2026-09-09,1,proposed_floor_plan,Application Details,186199,ok
26/1207/FUL,https://exeter.gov.uk/planning-services/permissions-and-applications/related-documents/?appref=26%2F1207,2026-09-09,2,proposed_elevation,Application Details,184068,ok
26/1207/FUL,https://exeter.gov.uk/planning-services/permissions-and-applications/related-documents/?appref=26%2F1207,2026-09-09,3,existing_floor_plan,Application Details,169091,ok
26/1207/FUL,https://exeter.gov.uk/planning-services/permissions-and-applications/related-documents/?appref=26%2F1207,2026-09-09,4,existing_elevation,Application Details,182301,ok
26/1207/FUL,https://exeter.gov.uk/planning-services/permissions-and-applications/related-documents/?appref=26%2F1207,2026-09-09,5,existing_combined,Application Details,26374,ok
26/1207/FUL,https://exeter.gov.uk/planning-services/permissions-and-applications/related-documents/?appref=26%2F1207,2026-09-09,6,location_plan,Drawings and Plans,1614394,ok
26/1207/FUL,https://exeter.gov.uk/planning-services/permissions-and-applications/related-documents/?appref=26%2F1207,2026-09-09,7,location_plan,Drawings and Plans,1614393,ok
26/1248/FUL,https://exeter.gov.uk/planning-services/permissions-and-applications/related-documents/?appref=26%2F1248,2026-09-09,1,proposed_site_plan,Application Details,218438,ok
26/1248/FUL,https://exeter.gov.uk/planning-services/permissions-and-applications/related-documents/?appref=26%2F1248,2026-09-09,2,floor_plan,Application Details,100929,ok
26/1248/FUL,https://exeter.gov.uk/planning-services/permissions-and-applications/related-documents/?appref=26%2F1248,2026-09-09,3,location_plan,Drawings and Plans,298584,ok
